mec_id	cat_id	hotel_id	museum_id	product_type	company	rezgo_ticket_id	rezgo_id	rezgo_key	tourcms_tour_id	tourcms_channel_id	tax_value	service_cost	latest_sold_date	shortDesc	eventImage	ticketwithdifferentpricing	saveamount	ticketPrice	pricetext	ticket_net_price	newPrice	totalticketPrice	new_discount_price	is_reservation	agefrom	ageto	ticketType	is_combi_ticket_allowed	is_booking_combi_ticket_allowed	start_date	end_date	extra_text_field	deleted	is_updated	third_party_id	third_party_ticket_id	third_party_parameters
5440	17	347	43	0	Blue Boat Company	0	0	lll	0	0	9.00	0	2021-06-19	Blue Boat Company - Amsterdam Light Festival  Open Boat Cruise	img_1570088820_test1570088874.jpg	1	0.00	25.00	25.00	22.94	25.00	25.00	25.00	0	13	99	Adult	0	0	1690887600	1737327540	0	0	0	0	0	
21921	7	347	2157	0	City Sightseeing Reykjavik	0	0	lll	0	0	0.00	0	2021-06-19	Hop-On Hop-Off Reykjavik 48 Hours	img_1634130738_1634130800__reyk1.jpeg	1	0.00	46.00	46.00	46.00	46.00	46.00	46.00	0	16	99	Adult	0	0	1717196400	1743461940	0	0	0	51	250079	{"activityid":"250079","get_availability_from_tp":"1","third_party_code":"BOKUN_CSS","duration":"1439"}
17984	7	347	1941	0	City Sightseeing Norway	0	0	lll	0	0	0.00	0	2021-06-19	Hop-On Hop-Off Oslo 48hr Bus	img_1613195892_Oslo-03_P_74_ee556959-5ad3-461d-a3d0-f24c538bfdf1.jpeg	1	0.00	47.00	47.00	47.00	47.00	47.00	47.00	0	16	99	Adult	0	0	1708563726	1730242740	0	0	0	2	PT700072	{"third_party_account":"norway","iticket_product_id":"PT700072","third_party_code":"ITICKET2"}
2879	7	347	1925	0	City Sightseeing St. Petersburg	0	0	lll	0	0	0.00	0	2021-06-19	Hop-On Hop-Off St. Petersburg Bus (24 hours)	img_1634569252_1634569276__generic1.jpeg	1	0.00	30.00	30.00	30.00	30.00	30.00	30.00	0	14	59	Adult	0	0	1648764000	1680299940	0	0	0	5	200	{"name":"Hop-On Hop-Off St. Petersburg Bus (24 hours)","supplier":"City Sightseeing St. Petersburg","supplier_id":"102","supplier_integrated_key":"palisis.stpetersburg","country":"RU","city":"LED","timezone":"Europe\\/Moscow","third_party_code":"CS","cs_product_id":"123","cs_option_id":"200","option_name":"Bus (24 hours)","unlimited_capacity":true}
3255	7	347	2181	0	City Sightseeing Moscow	0	0	lll	0	0	0.00	0	2021-06-19	Hop-On Hop-Off Moscow 24hr Bus	img_1634568222_1634568252__generic1.jpeg	1	0.00	30.00	30.00	30.00	30.00	30.00	30.00	0	14	59	Adult	0	0	1648764000	1680299940	0	0	0	5	191	{"name":"Hop-On Hop-Off Moscow Bus (24 hours)","supplier":"City Sightseeing Moscow","supplier_id":"101","supplier_integrated_key":"palisis.moscow","country":"RU","city":"MOW","timezone":"Europe\\/Moscow","third_party_code":"CS","cs_product_id":"117","cs_option_id":"191","option_name":"Bus (24 hours)","unlimited_capacity":true}
2915	136	347	1941	0	City Sightseeing Norway	0	0	lll	0	0	0.00	0	2021-06-19	Hop-On Hop-Off Oslo 24hr Bus	img_1612764544_Oslo-03_P_74_ee556959-5ad3-461d-a3d0-f24c538bfdf1.jpeg	1	0.00	40.00	40.00	40.00	40.00	40.00	40.00	0	16	99	Adult	0	0	1708563607	1730411940	0	0	0	2	PT700070	{"third_party_account":"norway","iticket_product_id":"PT700070","third_party_code":"ITICKET2"}
3223	136	347	2157	0	City Sightseeing Reykjavik	0	0	lll	0	0	0.00	0	2021-06-19	Hop-On Hop-Off Reykjavik 24 Hours	img_1612764063_Reykjavik3_P_58_9fd3f620-a4cb-40df-b162-112c247b1c90.jpeg	1	0.00	28.00	28.00	28.00	28.00	28.00	28.00	0	16	99	Adult	0	0	1717192800	1743458340	0	0	0	51	5795	{"activityid":"5795","third_party_code":"BOKUN_CSS","duration":"1439"}
3259	136	347	2189	0	City Sightseeing Singapore	0	0	lll	0	0	0.00	0	2021-06-19	Hop-On Hop-Off Singapore 24 Hours	img_1612767493_Singapore-02_P_130_9da9101b-38ac-4d83-8551-7843b51f9d12.jpeg	1	0.00	36.00	36.00	36.00	36.00	36.00	36.00	0	13	99	Adult	0	0	1593554400	1680299940	0	0	0	5	213	{"name":"Hop-On Hop-Off Singapore 24 Hours","supplier":"Singapore DUCKtours","supplier_id":"104","supplier_integrated_key":"prio.singapore","country":"SG","city":"SIN","timezone":"Asia\\/Singapore","third_party_code":"CS","cs_product_id":"130","cs_option_id":"213","option_name":"24 Hours","unlimited_capacity":"1"}
3277	136	347	2093	0	City Sightseeing Sweden	0	0	lll	0	0	0.00	0	2021-06-19	Hop-On Hop-Off Stockholm Bus - 24 Hours	img_1612768230_Stockholm-02_P_243_2d03668c-bb27-4ced-86f0-673f1ad3fdcb.jpeg	1	0.00	35.00	35.00	35.00	35.00	35.00	35.00	0	16	99	Adult	0	0	1672914596	1767218340	0	0	0	2	PT400033	{"third_party_account":"sweden","iticket_product_id":"PT400033","third_party_code":"ITICKET2"}
3279	136	347	2093	0	City Sightseeing Sweden	0	0	lll	0	0	0.00	0	2021-06-19	Hop-On Hop-Off Stockholm Bus - 72 Hours	img_1612768263_Stockholm-02_P_243_2d03668c-bb27-4ced-86f0-673f1ad3fdcb.jpeg	1	0.00	48.00	48.00	48.00	48.00	48.00	48.00	0	16	99	Adult	0	0	1672914718	1767218340	0	0	0	2	PT400035	{"third_party_account":"sweden","iticket_product_id":"PT400035","third_party_code":"ITICKET2"}
3563	136	347	2093	0	City Sightseeing Sweden	0	0	lll	0	0	0.00	0	2021-06-19	Hop-On Hop-Off Gothenburg 24hr Bus	img_1612768163_Gothenburg-03_preview_P_242_8b68c4c4-8941-4d0d-a611-62131a1cff0c.jpeg	1	0.00	29.00	29.00	29.00	29.00	29.00	29.00	0	16	99	Adult	0	0	1708995846	1733867940	0	0	0	2	PT400037	{"third_party_account":"sweden","iticket_product_id":"PT400037","third_party_code":"ITICKET2"}
3565	7	347	2093	0	City Sightseeing Sweden	0	0	lll	0	0	0.00	0	2021-06-19	Boat Tour + Hop-On Hop-Off Bus Stockholm Bus + Boat - 24 Hours	img_1612768384_product-1_P_3246_e75315ea-8db5-4aea-b365-f1bac462cd32.jpeg	1	0.00	51.00	51.00	51.00	51.00	51.00	51.00	0	16	99	Adult	0	0	1707872645	1735682340	0	0	0	2	PT400039	{"third_party_account":"sweden","iticket_product_id":"PT400039","third_party_code":"ITICKET2"}
3675	136	347	2201	0	City Sightseeing Brighton	0	0	lll	0	0	0.00	0	2021-06-19	Hop-On Hop-Off Brighton 1 Day	img_1612768763_Brighton-02_P_249_f24312e4-f1d1-4433-9e5_P_249_655e9914-839c-42a9-863e-53638e93dc68.jpeg	1	0.00	10.00	10.00	10.00	10.00	10.00	10.00	0	16	64	Adult	0	0	1710378858	1730066340	0	0	0	5	427	{"third_party_code":"CS","third_party_account":"citysightseeing","supplier_id":"123","cs_product_id":"249","cs_option_id":"427","cs_product_type":"HOP ON-HOP OFF","city":"BSH","country":"GB"}
3687	136	347	2201	0	City Sightseeing Brighton	0	0	lll	0	0	0.00	0	2021-06-19	Hop-On Hop-Off Brighton 2 Days	img_1612785675_Brighton-02_P_249_f24312e4-f1d1-4433-9e5_P_249_655e9914-839c-42a9-863e-53638e93dc68.jpeg	1	0.00	15.00	15.00	15.00	15.00	15.00	15.00	0	16	59	Adult	0	0	1710378977	1729979940	0	0	0	5	2937	{"third_party_code":"CS","third_party_account":"citysightseeing","supplier_id":"123","cs_product_id":"249","cs_option_id":"2937","cs_product_type":"HOP ON-HOP OFF","city":"BSH","country":"GB"}
5008	7	347	2129	0	City Sightseeing Benalmadena	0	0	lll	0	0	0.00	0	2021-06-19	Hop-On Hop-Off Benalmadena Benalmadena Experience	img_1612786195_Generic4_P_205_062b9c14-6cdd-460e-8c26-265e32bdeb69.jpeg	1	0.00	29.99	29.99	29.99	29.99	29.99	29.99	0	13	99	Adult	0	0	1598911200	1619819940	0	0	0	5	3990	{"third_party_code":"CS","third_party_account":"citysightseeing","supplier_id":"108","cs_product_id":205,"cs_option_id":3990,"cs_product_type":"HOP ON-HOP OFF","city":"BMD","country":"ES"}
5779	17	347	43	0	Blue Boat Company	0	0	lll	0	0	9.00	0	2021-06-19	Blue Boat Company - Amsterdam Light Festival - Dock Hard Rock Cafe - EIGEN WEBSITES	img_1637588713_1637588729__alf17_arjanbroek.jpg	1	0.00	25.00	25.00	22.94	25.00	25.00	25.00	0	13	99	Adult	0	0	1633907520	1737323940	0	0	0	0	0	
8090	7	347	2069	2	City Sightseeing Malaga	0	0	lll	0	0	0.00	0	2021-06-19	Hop-On Hop-Off Malaga - Iconic Ticket 24-hour ticket	img_1612768001_Malaga-Bus-01_P_230_90293ad9-6059-49b8-b_P_230_3f7dc65a-f975-4717-bf07-ea68f88574b2.jpeg	1	0.00	25.00	25.00	25.00	25.00	25.00	25.00	0	13	99	Adult	0	0	1680307200	1735689540	0	0	0	5	364	{"third_party_code":"CS","third_party_account":"citysightseeing","supplier_id":"114","cs_product_id":230,"cs_option_id":364,"cs_product_type":"HOP ON-HOP OFF","city":"AGP","country":"ES"}
38836	5	347	33110	0	Koepelkathedraal Haarlem	0	0	lll	0	0	9.00	0	2021-06-19	KoepelKathedraal Haarlem - Tour (Incl. entrance)	img_1631350239_1631350675__a_yhbpg.jpeg	1	0.00	12.50	12.50	11.47	12.50	12.50	12.50	0	13	99	Adult	0	0	1631343000	9999999999	0	0	0	9	1157	{"third_party_code":"prioapis_native","third_party_account":"voordemensen_1","tp_user":"1","third_party_ticket_id":"1157"}
40948	7	347	2045	0	City Sightseeing Corfu	0	0	lll	0	0	0.00	0	2021-06-19	Hop-On Hop-Off Bus Corfu Achilleion Line Achilleion Ticket		1	0.00	29.00	29.00	29.00	29.00	29.00	29.00	0	15	99	Adult	0	0	1679290920	1730411940	0	0	0	5	8948	{"third_party_code":"CS","third_party_account":"citysightseeing","supplier_id":"192","cs_product_id":3257,"cs_option_id":8948,"cs_product_type":"HOP ON-HOP OFF","city":"CFU","country":"GR"}
40946	7	347	2045	0	City Sightseeing Corfu	0	0	lll	0	0	0.00	0	2021-06-19	Hop-On Hop-Off Corfu All Lines All Lines Ticket		1	0.00	35.00	35.00	35.00	35.00	35.00	35.00	0	15	99	Adult	0	0	1679290800	1730411940	0	0	0	5	8949	{"third_party_code":"CS","third_party_account":"citysightseeing","supplier_id":"192","cs_product_id":3418,"cs_option_id":8949,"cs_product_type":"HOP ON-HOP OFF","city":"CFU","country":"GR"}
40872	7	347	1844	0	City Sightseeing Mallorca	0	0	lll	0	0	0.00	0	2021-06-19	Palma Essential Experience 24 hour	img_1729214284_default_image.jpg	1	0.00	22.00	22.00	22.00	22.00	22.00	22.00	0	17	64	Adult	0	0	1711922400	1735682340	0	0	0	4	4	{"tourcms_tour_id":"4","tourcms_channel_id":"13351","third_party_code":"TOURCMS","get_availability_from_tp":"1"}
14486	5	347	5789	0	City Cruises London	0	0	lll	0	0	0.00	0	2021-06-19	City Cruises Dining Experiences - London Dinner Cruise	img_1639501915_1639501968__showboat85.jpg	1	0.00	89.00	89.00	89.00	89.00	89.00	89.00	0	13	99	Adult	0	0	1583877600	1735595940	0	0	0	57	hblonco_4	{"third_party_code":"horn_blower","third_party_account":"evan_evan","tp_user":"501","third_party_ticket_id":"hblonco_4"}
14069	66	347	5702	0	Evan Evans Tours Ltd.	0	0	lll	0	0	0.00	0	2021-06-19	London In One Day Private tour with separate Tour Guide	img_1588597451_1588597476__westminster.jpg	1	0.00	1899.00	1899.00	1899.00	1899.00	1899.00	1899.00	0	1	99	Adult	0	0	1570384980	1774997940	0	0	0	0	0	NULL
14078	66	347	5702	0	Evan Evans Tours Ltd.	0	0	lll	0	0	0.00	0	2021-06-19	Royal London Private Tour with separate Tour Guide	img_1570789798_1570789822__1-1P-E1-7-HQ(2)_edited.jpg	1	0.00	950.00	950.00	950.00	950.00	950.00	950.00	0	1	99	Adult	0	0	1570385580	1774997940	0	0	0	0	0	NULL
14093	66	347	5702	0	Evan Evans Tours Ltd.	0	0	lll	0	0	0.00	0	2021-06-19	Hampton Court & Windsor Castle Private tour with separate Tour Guide	img_1570789121_1570789204__E13-HQ_edited.jpg	1	0.00	1799.00	1799.00	1799.00	1799.00	1799.00	1799.00	0	1	99	Adult	0	0	1570387140	1774997940	0	0	0	0	0	NULL
14099	66	347	5702	0	Evan Evans Tours Ltd.	0	0	lll	0	0	0.00	0	2021-06-19	Windsor, Stonehenge & Oxford Private tour with separate Tour Guide	img_1588591943_1588592082__chauffeurwindsorcastle.jpg	1	0.00	2349.00	2349.00	2349.00	2349.00	2349.00	2349.00	0	1	99	Adult	0	0	1570387620	1774997940	0	0	0	0	0	NULL
14120	66	347	5702	0	Evan Evans Tours Ltd.	0	0	lll	0	0	0.00	0	2021-06-19	Crown Jewels of London Private Tour with separate Tour Guide	img_1570790000_1570790019__2-E5-HQ_edited.jpg	1	0.00	1250.00	1250.00	1250.00	1250.00	1250.00	1250.00	0	1	99	Adult	0	0	1570391280	1774997940	0	0	0	0	0	NULL
14453	5	347	5969	0	Red Carnation Hotel	0	0	lll	0	0	0.00	0	2021-06-19	Afternoon Tea at The Rubens at the Palace	img_1612961564_1612961582__afternoonteaattherubensatthepalacecroppedexclchamp.jpg	1	0.00	80.00	80.00	80.00	80.00	80.00	80.00	0	12	99	Adult	0	0	1570477080	1735689540	0	0	0	0	0	NULL
13817	136	347	5807	0	Big Bus Tours London	0	0	lll	0	0	0.00	0	2021-06-19	Big Bus London - Discover Ticket	img_1679324041_1679324062__classicticket.jpg	1	0.00	48.00	48.00	48.00	48.00	48.00	48.00	0	16	99	Adult	0	0	1570203000	1761861540	0	0	0	77	ed51f5c1-3cd7-4d01-8b36-37e19f1d09bf	{"third_party_code":"ventrata_platinum_heritage","third_party_account":"ee_big_bus_tours","third_party_ticket_id":"ed51f5c1-3cd7-4d01-8b36-37e19f1d09bf","barcode_type":"4","is_combi_ticket_allowed":"0","is_reference_as_code":"1"}
13820	136	347	5807	0	Big Bus Tours London	0	0	lll	0	0	0.00	0	2021-06-19	Big Bus London - Essential Ticket	img_1572275198_1572275226__big-bus(1)_edited.jpg	1	0.00	58.00	58.00	58.00	58.00	58.00	58.00	0	16	99	Adult	0	0	1570203600	1761861540	0	0	0	77	fb0bc5d2-347f-4a2c-aff9-a13f66d33e4d	{"third_party_code":"ventrata_platinum_heritage","third_party_account":"ee_big_bus_tours","third_party_ticket_id":"fb0bc5d2-347f-4a2c-aff9-a13f66d33e4d","barcode_type":"4","is_combi_ticket_allowed":"0","is_reference_as_code":"1"}
13823	136	347	5807	0	Big Bus Tours London	0	0	lll	0	0	0.00	0	2021-06-19	Big Bus London - Explore Ticket	img_1572275249_1572275263__big-bus_edited.jpg	1	0.00	68.00	68.00	68.00	68.00	68.00	68.00	0	16	99	Adult	0	0	1570204440	1761861540	0	0	0	77	1c6566cf-adb8-49f3-b2ad-6213da747d51	{"third_party_code":"ventrata_platinum_heritage","third_party_account":"ee_big_bus_tours","third_party_ticket_id":"1c6566cf-adb8-49f3-b2ad-6213da747d51","barcode_type":"4","is_combi_ticket_allowed":"0","is_reference_as_code":"1"}
14513	5	347	6020	0	Wembley	0	0	lll	0	0	0.00	0	2021-06-19	Wembley Stadium Tour	img_1695122259_1695122306__fa_wembleytour_selects_26.jpg	1	0.00	25.00	25.00	25.00	25.00	25.00	25.00	0	16	64	Adult	0	0	1570484040	1748728740	0	0	0	51	198780	{"third_party_code":"bokun_css","third_party_account":"bokun_ee","activityid":"198780","rate_id":"1251024","duration":"120"}
14021	121	347	5702	2	Evan Evans Tours Ltd.	0	0	lll	0	0	0.00	0	2021-06-19	Edinburgh, Loch Ness & The Highlands - 3 Day Rail Tour from London (Standard Class)	img_1588261387_1588261557__hexportreestephenbridger20167rs.jpg	1	0.00	999.00	999.00	999.00	999.00	999.00	999.00	0	16	99	Adult	0	0	1570365120	1775001540	0	0	0	0	0	NULL
14102	66	347	5702	0	Evan Evans Tours Ltd.	0	0	lll	0	0	0.00	0	2021-06-19	Stonehenge & Bath Private tour with separate Tour Guide	img_1588591370_1588591458__adobestock_120405486rs.jpg	1	0.00	2199.00	2199.00	2199.00	2199.00	2199.00	2199.00	0	1	99	Adult	0	0	1570388160	1774997940	0	0	0	0	0	NULL
15035	121	347	5702	2	Evan Evans Tours Ltd.	0	0	lll	0	0	0.00	0	2021-06-19	Liverpool & The Beatles Overnight - standard class	img_1578067665_1578067708__BeatlesStoryPepperland.jpg	1	0.00	299.00	299.00	299.00	299.00	299.00	299.00	0	16	99	Adult	0	0	1571871600	1774997940	0	0	0	0	0	NULL
15047	121	347	5702	2	Evan Evans Tours Ltd.	0	0	lll	0	0	0.00	0	2021-06-19	Liverpool & The Beatles Overnight - First Class	img_1570372485_1570372936__45-HQ_edited.jpg	1	0.00	550.00	550.00	550.00	550.00	550.00	550.00	0	16	99	Adult	0	0	1570361640	1774997940	0	0	0	0	0	NULL
15041	121	347	5702	2	Evan Evans Tours Ltd.	0	0	lll	0	0	0.00	0	2021-06-19	Edinburgh - The Royal City with Overnight Stay (standard class)	img_1678882473_1678882489__edinburghview.jpg	1	0.00	439.00	439.00	439.00	439.00	439.00	439.00	0	16	99	Adult	0	0	1570346100	1774997940	0	0	0	0	0	NULL
15092	121	347	5702	2	Evan Evans Tours Ltd.	0	0	lll	0	0	0.00	0	2021-06-19	Edinburgh - The Royal City with Overnight Stay (First Class)	img_1678882951_1678882997__edinburgh1182708.jpg	1	0.00	605.00	605.00	605.00	605.00	605.00	605.00	0	16	99	Adult	0	0	1570349700	1774997940	0	0	0	0	0	NULL
15098	121	347	5702	2	Evan Evans Tours Ltd.	0	0	lll	0	0	0.00	0	2021-06-19	The Lake District - Overnight Tour with Cream Tea & Cruise (Standard Class)	img_1578067042_1578067061__ld4.jpg	1	0.00	405.00	405.00	405.00	405.00	405.00	405.00	0	16	99	Adult	0	0	1570365120	1774997940	0	0	0	0	0	NULL
15707	121	347	5702	2	Evan Evans Tours Ltd.	0	0	lll	0	0	0.00	0	2021-06-19	The Lake District with Cream Tea & Cruise First Class Overnight	img_1571999101_1571999713__40-HQ.jpg	1	0.00	389.00	389.00	389.00	389.00	389.00	389.00	0	12	99	Adult	0	0	1571991900	1666396740	0	0	0	0	0	NULL
14228	5	347	4427	0	Historic Royal Palaces	0	0	lll	0	0	0.00	0	2021-06-19	Hampton Court Palace 	img_1669222798_1669222847___14506_officehcp.jpg	1	0.00	27.20	27.20	27.20	27.20	27.20	27.20	0	18	64	Adult	0	0	1570432860	1734307140	0	0	0	67	TOL.EVN3	{"third_party_code":"vivaticket","third_party_account":"hrp","event_ak":"TOL.EVN3","prio_days":"1"}
17606	5	347	5783	0	Merlin Entertainments London	0	0	lll	0	0	0.00	0	2021-06-19	The London Dungeon - One time entry (48H flex)	img_1577981623_1577981691__FlamesandLogo.jpg	1	0.00	35.00	35.00	35.00	35.00	35.00	35.00	0	16	99	Adult	0	0	1576767240	1735685940	0	0	0	33	94500	{"third_party_code":"MERLIN","third_party_account":"evan_evan","attractionid":"UKDGLON","eventid":"580","productId":"94500"}
17618	5	347	5783	0	Merlin Entertainments London	0	0	lll	0	0	0.00	0	2021-06-19	London Eye - FLEXI Fast Track (one time entry - 48H)	img_1657124765_1657124775__22747_londoneye_1b_c_podtopod_055_rgb_ns.jpg	1	0.00	57.00	57.00	57.00	57.00	57.00	57.00	0	16	99	Adult	0	0	1576831920	1735682340	0	0	0	33	94499	{"third_party_code":"MERLIN","third_party_account":"evan_evan","attractionid":"UKEYLON","eventid":"544","productId":"94499"}
15815	5	347	5783	0	Merlin Entertainments London	0	0	lll	0	0	0.00	0	2021-06-19	London Eye - Private Capsule	img_1657125240_1657125259__22747_londoneye_1a_friendsgroupcorporate_046_rgb_ns.jpg	1	0.00	850.00	850.00	850.00	850.00	850.00	850.00	0	1	99	2-25 people	0	0	1572266100	9999999999	0	0	0	33	41740	{"third_party_code":"MERLIN","productId":"41763","attractionid":"UKEYLON","eventid":"953","third_party_account":"evan_evan"}
14411	5	347	5783	0	Merlin Entertainments London	0	0	lll	0	0	0.00	0	2021-06-19	London Eye, Madame Tussauds & SEA LIFE London - 3 way ticket Peak	img_1686127885_1686128016__3waymtlleslla1200x675px3.jpg	1	0.00	75.00	75.00	75.00	75.00	75.00	75.00	0	16	99	Adult	0	0	1626825600	1735689540	0	0	0	33	41752	{"third_party_code":"MERLIN","third_party_account":"evan_evan","attractionid":"UKEYLON","eventid":"2478","productId":"41752"}
14414	5	347	5783	0	Merlin Entertainments London	0	0	lll	0	0	0.00	0	2021-06-19	London Dungeon, SEA LIFE London & Madame Tussauds - 3 way ticket Peak	img_1686127795_1686127813__3waymtlsllald1200x675px.jpg	1	0.00	75.00	75.00	75.00	75.00	75.00	75.00	0	16	99	Adult	0	0	1626825600	1735689540	0	0	0	33	41440	{"third_party_code":"MERLIN","productId":"41440","attractionid":"UKDGLON","eventid":"2480","third_party_account":"evan_evan"}
14408	5	347	5783	0	Merlin Entertainments London	0	0	lll	0	0	0.00	0	2021-06-19	Merlin's Magical London Pass - 5 way ticket Peak	img_1686128059_1686128086__5waymtlleldsllasa1200x675px.jpg	1	0.00	115.00	115.00	115.00	115.00	115.00	115.00	0	16	99	Adult	0	0	1570462260	1735689540	0	0	0	33	41473	{"third_party_code":"MERLIN","productId":"41473","attractionid":"UKMTLON","eventid":"2479","third_party_account":"evan_evan"}
17603	5	347	5783	0	Merlin Entertainments London	0	0	lll	0	0	0.00	0	2021-06-19	SEA LIFE London Aquarium - One time entry (48H flex)	img_1638361619_1638361679__rockpoolexplorer.jpg	1	0.00	42.00	42.00	42.00	42.00	42.00	42.00	0	16	99	Adult	0	0	1576766580	1735689540	0	0	0	33	94501	{"third_party_code":"MERLIN","third_party_account":"evan_evan","attractionid":"UKSLLON","eventid":"1020","productId":"94501"}
17609	5	347	5783	0	Merlin Entertainments London	0	0	lll	0	0	0.00	0	2021-06-19	Shrek’s Adventure! London - One time entry (48H flex)	img_1576772997_1576773023__Shrek_Esmerelda.jpg	1	0.00	32.00	32.00	32.00	32.00	32.00	32.00	0	16	99	Adult	0	0	1576767900	1735685940	0	0	0	33	94502	{"third_party_code":"MERLIN","third_party_account":"evan_evan","attractionid":"UKCLLON","eventid":"843","productId":"94502"}
14159	5	347	4427	0	Historic Royal Palaces	0	0	lll	0	0	0.00	0	2021-06-19	The Tower of London	img_1589466447_1589466467__0004103990orgrs.jpg	1	0.00	34.80	34.80	34.80	34.80	34.80	34.80	0	18	64	Adult	0	0	1570396620	1733011140	0	0	0	67	TOL.EVN2	{"third_party_code":"vivaticket","third_party_account":"hrp","event_ak":"TOL.EVN2","prio_days":"1"}
15713	121	347	5702	2	Evan Evans Tours Ltd.	0	0	lll	0	0	0.00	0	2021-06-19	Edinburgh, Loch Ness & The Highlands - 3 Day Rail Tour from London (First Class)	img_1678883165_1678883255__hexlochness20141rs.jpg	1	0.00	1099.00	1099.00	1099.00	1099.00	1099.00	1099.00	0	16	99	Adult	0	0	1571975340	1774997940	0	0	0	0	0	NULL
14336	5	347	4427	0	Historic Royal Palaces	0	0	lll	0	0	0.00	0	2021-06-19	Kensington Palace	img_1619017896_1619017912__kensingtonpalace2838.jpg	1	0.00	24.00	24.00	24.00	24.00	24.00	24.00	0	18	64	Adult	0	0	1570448100	1733003940	0	0	0	67	TOL.EVN4	{"third_party_code":"vivaticket","third_party_account":"hrp","event_ak":"TOL.EVN4","prio_days":"1"}
15827	121	347	5783	0	Merlin Entertainments London	0	0	lll	0	0	0.00	0	2021-06-19	SEA LIFE London Aquarium - Standard Entry (PEAK 1 day+)	img_1577981106_1577981141__Cow_Nose_ray.jpg	1	0.00	32.00	32.00	32.00	32.00	32.00	32.00	0	16	99	Adult	0	0	1572275160	1735689540	0	0	0	33	41446	{"third_party_code":"MERLIN","productId":"41446","attractionid":"UKSLLON","eventid":"2482","third_party_account":"evan_evan"}
14432	121	347	5783	0	Merlin Entertainments London	0	0	lll	0	0	0.00	0	2021-06-19	Madame Tussauds London - Standard Entry (1 day+)	img_1626100735_1626100787__dwaynetherockjohnson.jpg	1	0.00	32.00	32.00	32.00	32.00	32.00	32.00	0	16	99	Adult	0	0	1647302400	1735689540	0	0	0	33	48186	{"third_party_code":"MERLIN","productId":"48186","attractionid":"UKMTLON","eventid":"2479","third_party_account":"evan_evan"}
14444	121	347	5783	0	Merlin Entertainments London	0	0	lll	0	0	0.00	0	2021-06-19	The London Dungeon - Standard Entry (OFF PEAK 1 day+)	img_1570538687_1570538702__308_edited.jpg	1	0.00	26.50	26.50	26.50	26.50	26.50	26.50	0	16	99	Adult	0	0	1626825600	1735689540	0	0	0	33	41429	{"third_party_code":"MERLIN","productId":"41429","attractionid":"UKDGLON","eventid":"2480","third_party_account":"evan_evan"}
14138	121	347	5783	0	Merlin Entertainments London	0	0	lll	0	0	0.00	0	2021-06-19	London Eye - Standard Experience & River Cruise (PEAK)	img_1572272381_1572272409__ALL-313(1)_edited.jpg	1	0.00	60.00	60.00	60.00	60.00	60.00	60.00	0	16	99	Adult	0	0	1582156800	1735689540	0	0	0	33	41755	{"third_party_code":"MERLIN","productId":"41755","attractionid":"UKEYLON","eventid":"2484","third_party_account":"evan_evan"}
14426	121	347	5783	0	Merlin Entertainments London	0	0	lll	0	0	0.00	0	2021-06-19	Shrek’s Adventure! London - Standard Entry (OFF PEAK 1 day+)	img_1570475034_1570475564__317_edited.jpg	1	0.00	21.00	21.00	21.00	21.00	21.00	21.00	0	16	99	Adult	0	0	1582156800	1735689540	0	0	0	33	41474	{"third_party_code":"MERLIN","third_party_account":"evan_evan","attractionid":"UKCLLON","eventid":"2481","productId":"41474"}
23722	5	347	5783	0	Merlin Entertainments London	0	0	lll	0	0	0.00	0	2021-06-19	The London Dungeon - Standard Entry (same day)	img_1601551847_1601552135__dungeon_london_tm_rgb1.jpg	1	0.00	35.00	35.00	35.00	35.00	35.00	35.00	0	16	99	Adult	0	0	1601544600	1735682340	0	0	0	33	77494	{"third_party_code":"MERLIN","productId":"77494","attractionid":"UKDGLON","eventid":"2480","third_party_account":"evan_evan"}
23499	121	347	5702	2	Evan Evans Tours Ltd.	0	0	lll	0	0	0.00	0	2021-06-19	Oxford by Rail Day Tour with Harry Potter Insights Tour	img_1617277564_1617277658__oxfordcollegetower.jpg	1	0.00	89.00	89.00	89.00	89.00	89.00	89.00	0	16	99	Adult	0	0	1600305840	1774997940	0	0	0	0	NULL	NULL
23515	121	347	5702	2	Evan Evans Tours Ltd.	0	0	lll	0	0	0.00	0	2021-06-19	York Overnight Rail Tour from London - standard class	img_1617279425_1617279439__yorkminsterhero.jpg	1	0.00	299.00	299.00	299.00	299.00	299.00	299.00	0	16	99	Adult	0	0	1600314120	1774997940	0	0	0	0	NULL	NULL
23523	121	347	5702	2	Evan Evans Tours Ltd.	0	0	lll	0	0	0.00	0	2021-06-19	York Overnight Rail Tour from London - First Class	img_1617279533_1617279551__yorkminsterhero.jpg	1	0.00	429.00	429.00	429.00	429.00	429.00	429.00	0	16	99	Adult	0	0	1600321980	1774997940	0	0	0	0	NULL	NULL
23621	66	347	5702	0	Evan Evans Tours Ltd.	0	0	lll	0	0	0.00	0	2021-06-19	Hampton Court & Windsor Castle Private tour with Driver-Guide	img_1600783940_1600784239__hamptoncourtrs.jpg	1	0.00	1599.00	1599.00	1599.00	1599.00	1599.00	1599.00	0	1	99	Adult	0	0	1600780320	1774997940	0	0	0	0	NULL	NULL
23623	66	347	5702	0	Evan Evans Tours Ltd.	0	0	lll	0	0	0.00	0	2021-06-19	Stonehenge & Bath Private tour with Driver-Guide	img_1600858911_1600858946__2013stonehengek0211021.jpg	1	0.00	1699.00	1699.00	1699.00	1699.00	1699.00	1699.00	0	1	99	Adult	0	0	1600780860	1774997940	0	0	0	0	NULL	NULL
23622	66	347	5702	0	Evan Evans Tours Ltd.	0	0	lll	0	0	0.00	0	2021-06-19	Windsor, Stonehenge & Oxford Private tour with Driver-Guide	img_1619001221_1619001237__new20201imageistock1168799129.jpg	1	0.00	1799.00	1799.00	1799.00	1799.00	1799.00	1799.00	0	1	99	Adult	0	0	1600781400	1774997940	0	0	0	0	NULL	NULL
14492	5	347	5789	0	City Cruises London	0	0	lll	0	0	0.00	0	2021-06-19	City Cruises Dining Experiences - London Afternoon Tea Cruise	img_1668184993_1668185037__afternoontea15.jpg	1	0.00	55.00	55.00	55.00	55.00	55.00	55.00	0	13	99	Adult	0	0	1570482540	1735603140	0	0	0	57	hblonco_1	{"third_party_code":"horn_blower","third_party_account":"evan_evan","tp_user":"501","third_party_ticket_id":"hblonco_1"}
14498	5	347	5789	0	City Cruises London	0	0	lll	0	0	0.00	0	2021-06-19	City Cruises Dining Experiences - London Lunch Cruise	img_1639499697_1639500023__lunch2.jpg	1	0.00	51.00	51.00	51.00	51.00	51.00	51.00	0	13	99	Adult	0	0	1576972800	1735603140	0	0	0	57	hblonco_2	{"third_party_code":"horn_blower","third_party_account":"evan_evan","tp_user":"501","third_party_ticket_id":"hblonco_2"}
14165	5	347	5792	0	St Pauls Cathedral	0	0	lll	0	0	0.00	0	2021-06-19	St Paul's Cathedral	img_1686755886_1686756019__2014stpaulslr7.jpg	1	0.00	25.00	25.00	25.00	25.00	25.00	25.00	0	18	64	Adult	0	0	1570397400	1743465540	0	0	0	0	0	NULL
14480	5	347	5789	0	City Cruises London	0	0	lll	0	0	0.00	0	2021-06-19	City Cruises 24h London River Pass	img_1668185978_1668186005___a7a7722.jpg	1	0.00	24.00	24.00	24.00	24.00	24.00	24.00	0	16	99	Adult	0	0	1570485600	1743458340	0	0	0	57	hblonco_256	{"third_party_code":"horn_blower","tp_user":"501","third_party_ticket_id":"hblonco_256","prio_timeslots":"1"}
19170	121	347	5783	0	Merlin Entertainments London	0	0	lll	0	0	0.00	0	2021-06-19	River Cruise (OFF PEAK)	img_1687259309_1687259355__22747_riverboattour_1a__boat_005_rgb_ns1.jpg	1	0.00	15.50	15.50	15.50	15.50	15.50	15.50	0	16	99	Adult	0	0	1581542640	1735685940	0	0	0	33	41768	{"third_party_code":"MERLIN","productId":"41768","attractionid":"UKEYLON","eventid":"2484","third_party_account":"evan_evan"}
23445	121	347	5783	0	Merlin Entertainments London	0	0	lll	0	0	0.00	0	2021-06-19	River Cruise (PEAK)	img_1663242568_1663242909__22747_riverboattour_1a__boat_005_rgb_ns1.jpg	1	0.00	19.50	19.50	19.50	19.50	19.50	19.50	0	16	99	Adult	0	0	1600076220	1735682340	0	0	0	33	41769	{"third_party_code":"MERLIN","productId":"41769","attractionid":"UKEYLON","eventid":"2484","third_party_account":"evan_evan"}
24924	121	347	5783	0	Merlin Entertainments London	0	0	lll	0	0	0.00	0	2021-06-19	London Eye - Standard Experience & River Cruise (OFF PEAK)	img_1657122907_1657122944__22747_londoneye_1a_wheel_016_rgb_ns.jpg	1	0.00	46.00	46.00	46.00	46.00	46.00	46.00	0	16	99	Adult	0	0	1608550980	1735685940	0	0	0	33	58538	{"third_party_code":"MERLIN","productId":"58538","attractionid":"UKEYLON","eventid":"2484","third_party_account":"evan_evan"}
14447	121	347	5783	0	Merlin Entertainments London	0	0	lll	0	0	0.00	0	2021-06-19	The London Dungeon - Standard Entry (PEAK 1 day+)	img_1679324227_1679324583__thetorturechamber1rs.jpg	1	0.00	30.00	30.00	30.00	30.00	30.00	30.00	0	16	99	Adult	0	0	1570476600	1735689540	0	0	0	33	41430	{"third_party_code":"MERLIN","productId":"41430","attractionid":"UKDGLON","eventid":"2480","third_party_account":"evan_evan"}
25362	5	347	5969	0	Red Carnation Hotel	0	0	lll	0	0	0.00	0	2021-06-19	Afternoon Tea at The Rubens at the Palace with Champagne	img_1611847884_1611848032__afternoonteaattherubensatthepalace4cropped.jpg	1	0.00	100.00	100.00	100.00	100.00	100.00	100.00	0	12	99	Adult	0	0	1570477080	1735689540	0	0	0	0	NULL	NULL
25048	164	347	3580	0	Highland Explorer Tours	0	0	lll	0	0	0.00	0	2021-06-19	Edinburgh Military Tattoo Day Tour from Edinburgh	img_1611228433_1611230731__tattoo533resized.jpg	1	0.00	215.00	215.00	215.00	215.00	215.00	215.00	0	17	59	Adult	0	0	1611255600	1756684740	0	0	0	0	25048	{"third_party_code":"prioapis_native","third_party_account":"highlander_explorer","tp_user":"AC8B4064-BC9F-4BCE-908C-1E9D18B0E82B","third_party_ticket_id":"25048"}
25045	98	347	3580	0	Highland Explorer Tours	0	0	lll	0	0	0.00	0	2021-06-19	Outlander Film Locations Day Tour from Edinburgh	img_1616279717_1616281831__hexdounecastlecastleleochinoutlander6stephenbridger20174resizedts.jpg	1	0.00	76.00	76.00	76.00	76.00	76.00	76.00	0	17	59	Adult	0	0	1638267840	1775001540	0	0	0	0	25045	{"third_party_code":"prioapis_native","third_party_account":"highlander_explorer","tp_user":"AC8B4064-BC9F-4BCE-908C-1E9D18B0E82B","third_party_ticket_id":"25045"}
25044	98	347	3580	0	Highland Explorer Tours	0	0	lll	0	0	0.00	0	2021-06-19	Alnwick Castle Day Tour from Edinburgh	img_1616287228_1616287666__hex1dayalnwickcastlestephenbridger20176resizedts.jpg	1	0.00	66.00	66.00	66.00	66.00	66.00	66.00	0	17	59	Adult	0	0	1611327240	1761955140	0	0	0	0	25044	{"third_party_code":"prioapis_native","third_party_account":"highlander_explorer","tp_user":"AC8B4064-BC9F-4BCE-908C-1E9D18B0E82B","third_party_ticket_id":"25044"}
25041	98	347	3580	0	Highland Explorer Tours	0	0	lll	0	0	0.00	0	2021-06-19	Scottish Glens, Highlands & Whisky Day Tour from Edinburgh	img_1616244664_1616249324__hexstephenbridger2019glenturretexterior2resizedts.jpg	1	0.00	63.00	63.00	63.00	63.00	63.00	63.00	0	17	59	Adult	0	0	1611337560	1761955140	0	0	0	0	25041	{"third_party_code":"prioapis_native","third_party_account":"highlander_explorer","tp_user":"AC8B4064-BC9F-4BCE-908C-1E9D18B0E82B","third_party_ticket_id":"25041"}
25039	98	347	3580	0	Highland Explorer Tours	0	0	lll	0	0	0.00	0	2021-06-19	Stirling Castle, the Kelpies & Loch Lomond Day Tour from Edinburgh	img_1616193351_1616194904__hexlochlomond2014resize.jpg	1	0.00	68.00	68.00	68.00	68.00	68.00	68.00	0	17	59	Adult	0	0	1611345840	1775001540	0	0	0	0	25039	{"third_party_code":"prioapis_native","third_party_account":"highlander_explorer","tp_user":"AC8B4064-BC9F-4BCE-908C-1E9D18B0E82B","third_party_ticket_id":"25039"}
25037	98	347	3580	0	Highland Explorer Tours	0	0	lll	0	0	0.00	0	2021-06-19	Loch Ness Explorer Day Tour from Edinburgh with picnic lunch	img_1616174712_1616176585__lochnesscruisestephenbridger201919resized2.jpg	1	0.00	85.00	85.00	85.00	85.00	85.00	85.00	0	17	59	Adult	0	0	1611349080	1775001540	0	0	0	0	25037	{"third_party_code":"prioapis_native","third_party_account":"highlander_explorer","tp_user":"AC8B4064-BC9F-4BCE-908C-1E9D18B0E82B","third_party_ticket_id":"25037"}
25228	5	347	5783	0	Merlin Entertainments London	0	0	lll	0	0	0.00	0	2021-06-19	Legoland Windsor - One Day Entry (Super Off Peak)	img_1583758972_1583759008__llwrlargeruse.jpg	1	0.00	34.00	34.00	34.00	34.00	34.00	34.00	0	3	99	Adult	0	0	1581324180	1735685940	0	0	0	33	96635	{"third_party_code":"MERLIN","third_party_account":"evan_evan","attractionid":"UKLLWIN","eventid":"2399","productId":"96635"}
25229	5	347	5783	0	Merlin Entertainments London	0	0	lll	0	0	0.00	0	2021-06-19	Legoland Windsor - One Day Entry (Off Peak)	img_1583758972_1583759008__llwrlargeruse.jpg	1	0.00	37.00	37.00	37.00	37.00	37.00	37.00	0	3	99	Adult	0	0	1581324180	1735685940	0	0	0	33	96636	{"third_party_code":"MERLIN","third_party_account":"evan_evan","attractionid":"UKLLWIN","eventid":"2399","productId":"96636"}
25222	5	347	5783	0	Merlin Entertainments London	0	0	lll	0	0	0.00	0	2021-06-19	Thorpe Park - Off Peak	img_1583758457_1583758505__1thorpeparklogouseover2cm.jpg	1	0.00	37.00	37.00	37.00	37.00	37.00	37.00	0	3	99	Adult	0	0	1581326520	1735685940	0	0	0	33	40550	{"third_party_code":"MERLIN","third_party_account":"evan_evan","attractionid":"UKPKTHO","eventid":"2507","productId":"40550"}
25221	5	347	5783	0	Merlin Entertainments London	0	0	lll	0	0	0.00	0	2021-06-19	Thorpe Park - Peak	img_1583758457_1583758505__1thorpeparklogouseover2cm.jpg	1	0.00	39.00	39.00	39.00	39.00	39.00	39.00	0	3	99	Adult	0	0	1581326520	1735685940	0	0	0	33	40513	{"third_party_code":"MERLIN","third_party_account":"evan_evan","attractionid":"UKPKTHO","eventid":"2507","productId":"40513"}
25223	5	347	5783	0	Merlin Entertainments London	0	0	lll	0	0	0.00	0	2021-06-19	Thorpe Park - Super Peak (Fright Nights)	img_1583758457_1583758505__1thorpeparklogouseover2cm.jpg	1	0.00	43.00	43.00	43.00	43.00	43.00	43.00	0	3	99	Adult	0	0	1581326520	1735685940	0	0	0	33	40551	{"third_party_code":"MERLIN","third_party_account":"evan_evan","attractionid":"UKPKTHO","eventid":"2507","productId":"40551"}
25722	5	347	27538	0	Old Royal Naval College	0	0	lll	0	0	0.00	0	2021-06-19	The Old Royal Naval College Greenwich, home of the Painted Hall	img_1728643410_1728643427__externalaerialviewofmaritimegreenwich.jpg	1	0.00	16.50	16.50	16.50	16.50	16.50	16.50	0	17	99	Adult	0	0	1614594360	1743458340	0	0	0	0	NULL	NULL
14363	5	347	5990	0	Royal Museums Greenwich 	0	0	lll	0	0	0.00	0	2021-06-19	Cutty Sark, Greenwich	img_1669223047_1669223196__l6268011cuttysarknationalmaritimemuseumlondonrs.jpg	1	0.00	20.00	20.00	20.00	20.00	20.00	20.00	0	25	99	Adult	0	0	1570449660	1767225540	0	0	0	0	0	NULL
14312	5	347	5819	0	Royal Collection Trust	0	0	lll	0	0	0.00	0	2021-06-19	The King's Gallery, Buckingham Palace	img_1729181251_1729181268__thekingsgallerybuckinghampalaceroyalcollectionenterpriseslimited2024_royalcollectiontrust.jpg	1	0.00	19.00	19.00	19.00	19.00	19.00	19.00	0	25	99	Adult	0	0	1570442700	1735682340	0	0	0	0	0	NULL
14366	5	347	5990	0	Royal Museums Greenwich 	0	0	lll	0	0	0.00	0	2021-06-19	The Royal Observatory, Greenwich	img_1570536892_1570536905__343_edited.jpg	1	0.00	20.00	20.00	20.00	20.00	20.00	20.00	0	25	99	Adult	0	0	1570449900	1767225540	0	0	0	0	0	NULL
14342	5	347	6005	0	Shakespeares Globe 	0	0	lll	0	0	0.00	0	2021-06-19	Shakespeare’s Globe Theatre Story & Guided Tour	img_1570533357_1570533367__320_edited.jpg	1	0.00	27.00	27.00	27.00	27.00	27.00	27.00	0	16	99	Adult	0	0	1570448520	1743458340	0	0	0	0	0	NULL
14474	5	347	6014	0	Thames Clipper	0	0	lll	0	0	0.00	0	2021-06-19	Hop-on Hop-off River Pass (1 Day) - Uber Boat by Thames Clippers	img_1669287299_1669287341__ubtc_jupiter_ornc1rs.jpg	1	0.00	22.10	22.10	22.10	22.10	22.10	22.10	0	16	99	Adult	0	0	1570480440	1743465540	0	0	0	77	fb59b283-0f7e-4830-8c4e-049d88c5aa24	{"third_party_code":"ventrata_platinum_heritage","third_party_account":"ee_thames_uber_boat","third_party_ticket_id":"fb59b283-0f7e-4830-8c4e-049d88c5aa24","barcode_type":"4","is_combi_ticket_allowed":"0","is_reference_as_code":"1"}
14258	5	347	5819	0	Royal Collection Trust	0	0	lll	0	0	0.00	0	2021-06-19	Windsor Castle	img_1698323035_1698323240__grandreceptionroompetersmithroyalcollectiontrusthismajestykingcharlesiii2023.jpg	1	0.00	30.00	30.00	30.00	30.00	30.00	30.00	0	25	99	Adult	0	0	1570435680	1735689540	0	0	0	0	0	NULL
26683	121	347	5702	2	Evan Evans Tours Ltd.	0	0	lll	0	0	0.00	0	2021-06-19	Secrets of the Underground Walking Tour with London Transport Museum	img_1617184668_1617184844__undergroundtour.jpg	1	0.00	45.00	45.00	45.00	45.00	45.00	45.00	0	17	59	Adult	0	0	1617181020	1775001540	0	0	0	0	NULL	NULL
28572	5	347	5783	0	Merlin Entertainments London	0	0	lll	0	0	0.00	0	2021-06-19	Madame Tussauds London - One time entry (48H flex)	img_1657121929_1657122102__marvelcaptainmarvel1.jpg	1	0.00	42.00	42.00	42.00	42.00	42.00	42.00	0	16	99	Adult	0	0	1620809340	1735682340	0	0	0	33	94494	{"third_party_code":"MERLIN","third_party_account":"evan_evan","attractionid":"UKMTLON","eventid":"2009","productId":"94494"}
26591	98	347	3580	0	Highland Explorer Tours	0	0	lll	0	0	0.00	0	2021-06-19	Loch Ness Cruise, Urquhart Castle & Outlander Day Tour from Inverness	img_1635416779_1635417188__b559f581ab234cb3879d9e3679e81b02abbeyprio.jpg	1	0.00	98.00	98.00	98.00	98.00	98.00	98.00	0	17	59	Adult	0	0	1616512440	1775001540	0	0	0	0	26591	{"third_party_code":"prioapis_native","third_party_account":"highlander_explorer","tp_user":"AC8B4064-BC9F-4BCE-908C-1E9D18B0E82B","third_party_ticket_id":"26591"}
37242	121	347	14300	0	The View from the Shard	0	0	lll	0	0	0.00	0	2021-06-19	The View from the Shard - Family 2,3,4,5 (0-14 Days)	img_1629813303_1629813516__view_aerial_5.jpg	1	0.00	32.00	32.00	32.00	32.00	32.00	32.00	0	1	99	Adult	0	0	1629892080	1648771140	0	0	0	0		{"third_party_code":"Rijksmuseum","third_party_ticket_id":"440","third_party_account":"evan_evan"}
37156	121	347	14300	0	The View from the Shard	0	0	lll	0	0	0.00	0	2021-06-19	The View from the Shard - Family 2,3,4,5 (concierge/agent)	img_1629717020_1629717032__27skydeckwideviewlookingsouthscaled1.jpg	1	0.00	25.00	25.00	25.00	25.00	25.00	25.00	0	1	99	Adult	0	0	1629892380	1648771140	0	0	0	0		{"third_party_code":"Rijksmuseum","third_party_ticket_id":"440","third_party_account":"evan_evan"}
14231	5	347	5996	0	Kew Gardens 	0	0	lll	0	0	0.00	0	2021-06-19	Kew Gardens	img_1711642773_1711643172__chauffeurkewgardens.jpg	1	0.00	20.00	20.00	20.00	20.00	20.00	20.00	0	30	64	Adult	0	0	1570433340	1743458340	0	0	0	0	0	NULL
38570	7	347	1844	0	City Sightseeing Mallorca	0	0	lll	0	0	0.00	0	2021-06-19	Palma Supreme Experience 24 hours	img_1729214165_default_image.jpg	1	0.00	32.50	32.50	32.50	32.50	32.50	32.50	0	17	64	Adult	0	0	1711922400	1735682340	0	0	0	4	7	{"tourcms_tour_id":"7","tourcms_channel_id":"13351","third_party_code":"TOURCMS","get_availability_from_tp":"1"}
38928	7	347	2077	0	City Sightseeing Toledo	0	0	lll	0	0	0.00	0	2021-06-19	Toledo Ultimate Experience 48 hours		1	0.00	33.90	33.90	33.90	33.90	33.90	33.90	0	12	99	Adult	0	0	1673992800	1735682340	0	0	0	5	8687	{"third_party_code":"CS","third_party_account":"citysightseeing","supplier_id":"209","cs_product_id":3252,"cs_option_id":8687,"cs_product_type":"COMBI","city":"TOL","country":"ES"}
39306	7	347	1929	0	City Sightseeing Cadiz	0	0	lll	0	0	0.00	0	2021-06-19	Cathedral and Tower Experience Cadiz 2-day Ticket	img_1634635986_1634636004__generic1.jpeg	1	0.00	24.99	24.99	24.99	24.99	24.99	24.99	0	17	99	Adult	0	0	1711922400	1735682340	0	0	0	5	8688	{"third_party_code":"CS","third_party_account":"citysightseeing","supplier_id":"109","cs_product_id":3342,"cs_option_id":8688,"cs_product_type":"COMBI","city":"CAD","country":"ES"}
41520	7	347	2077	0	City Sightseeing Toledo	0	0	lll	0	0	0.00	0	2021-06-19	Toledo Magic Experience 24-hour Ticket	img_1637041332_default_image.jpg	1	0.00	20.00	20.00	20.00	20.00	20.00	20.00	0	12	99	Adult	0	0	1673996400	1735685940	0	0	0	5	8968	{"third_party_code":"CS","third_party_account":"citysightseeing","supplier_id":"209","cs_product_id":3429,"cs_option_id":8968,"cs_product_type":"HOP ON-HOP OFF","city":"TOL","country":"ES"}
41804	7	347	2077	0	City Sightseeing Toledo	0	0	lll	0	0	0.00	0	2021-06-19	Fly Toledo and Alcázar Experience 24-hour ticket		1	0.00	27.00	27.00	27.00	27.00	27.00	27.00	0	12	99	Adult	0	0	1673996400	1735685940	0	0	0	5	8973	{"third_party_code":"CS","third_party_account":"citysightseeing","supplier_id":"209","cs_product_id":3434,"cs_option_id":8973,"cs_product_type":"COMBI","city":"TOL","country":"ES"}
41806	7	347	2077	0	City Sightseeing Toledo	0	0	lll	0	0	0.00	0	2021-06-19	Toledo Premium Experience 24-hour ticket	img_1637845816_default_image.jpg	1	0.00	27.00	27.00	27.00	27.00	27.00	27.00	0	12	99	Adult	0	0	1673996400	1735685940	0	0	0	5	8974	{"third_party_code":"CS","third_party_account":"citysightseeing","supplier_id":"209","cs_product_id":3435,"cs_option_id":8974,"cs_product_type":"COMBI","city":"TOL","country":"ES"}
41802	7	347	1844	0	City Sightseeing Mallorca	0	0	lll	0	0	0.00	0	2021-06-19	Palma Ultimate Experience 48 hours	img_1729214404_default_image.jpg	1	0.00	46.00	46.00	46.00	46.00	46.00	46.00	0	17	64	Adult	0	0	1711922400	1735682340	0	0	0	4	8	{"tourcms_tour_id":"8","tourcms_channel_id":"13351","third_party_code":"TOURCMS","get_availability_from_tp":"1"}
46443	7	347	1768	2	City Sightseeing Sevilla	0	0	lll	0	0	0.00	0	2021-06-19	Seville Supreme Experience 48-hour ticket	img_1648036182_default_image.jpg	1	0.00	29.00	29.00	29.00	29.00	29.00	29.00	0	13	99	Adult	0	0	1704067200	1735689540	0	0	0	5	9358	{"third_party_code":"CS","third_party_account":"citysightseeing","supplier_id":"4","cs_product_id":3536,"cs_option_id":9358,"cs_product_type":"COMBI","city":"SVQ","country":"ES"}
40354	121	347	5702	2	Evan Evans Tours Ltd.	0	0	lll	0	0	0.00	0	2021-06-19	Leeds Castle, Canterbury & Dover (Japanese) - Leeds Castle entry only	img_1633450247_1633450339__leedscastle3.jpg	1	0.00	105.00	105.00	105.00	105.00	105.00	105.00	0	17	59	Adult	0	0	1633432200	1774997940	0	0	0	0	NULL	NULL
2907	7	347	1941	0	City Sightseeing Norway	0	0	lll	0	0	0.00	0	2021-06-19	Hop-On Hop-Off Alesund 1-Day	img_1646745658_default_image.jpg	1	0.00	33.00	33.00	33.00	33.00	33.00	33.00	0	16	99	Adult	0	0	1710378138	1730415540	0	0	0	2	PT700178	{"third_party_account":"norway","iticket_product_id":"PT700178","third_party_code":"ITICKET2"}
2909	7	347	1941	0	City Sightseeing Norway	0	0	lll	0	0	0.00	0	2021-06-19	Hop-On Hop-Off Bergen 1-Day	img_1624258221_Bergen-02_P_72_b972cfca-9da4-4039-b257-2c9a81350695.jpeg	1	0.00	33.00	33.00	33.00	33.00	33.00	33.00	0	16	99	Adult	0	0	1705626125	1730411940	0	0	0	2	PT700074	{"third_party_account":"norway","iticket_product_id":"PT700074","third_party_code":"ITICKET2"}
2917	7	347	1941	0	City Sightseeing Norway	0	0	lll	0	0	0.00	0	2021-06-19	Hop-On Hop-Off Stavanger 1 Day	img_1665676044_1665676108__1665676095__1665676078__citysightseeingworldwide06.jpg	1	0.00	33.00	33.00	33.00	33.00	33.00	33.00	0	16	99	Adult	0	0	1705626365	1730415540	0	0	0	2	PT700176	{"third_party_account":"norway","iticket_product_id":"PT700176","third_party_code":"ITICKET2"}
3213	7	347	2149	0	City Sightseeing Copenhagen	0	0	lll	0	0	0.00	0	2021-06-19	Hop-On Hop-Off Copenhagen - All Routes 72 hours: All Routes	img_1666173502_1666173584__co1.jpg	1	0.00	43.00	43.00	43.00	43.00	43.00	43.00	0	16	99	Adult	0	0	1674450471	1767221940	0	0	0	2	PT100320	{"third_party_account":"denmark","iticket_product_id":"PT100320","third_party_code":"ITICKET2"}
25152	7	347	2149	0	City Sightseeing Copenhagen	0	0	lll	0	0	0.00	0	2021-06-19	Urban Green Route Hop-On Hop-Off Copenhagen Urban Route Hop-On Hop-Off Copenhagen	img_1666173432_1666173452__co2.jpg	1	0.00	39.00	39.00	39.00	39.00	39.00	39.00	0	16	99	Adult	0	0	1674450546	1704063540	0	0	0	2	PT100316	{"third_party_account":"denmark","iticket_product_id":"PT100316","third_party_code":"ITICKET2"}
25153	7	347	2149	0	City Sightseeing Copenhagen	0	0	lll	0	0	0.00	0	2021-06-19	Colourful Route Hop-On Hop-Off Copenhagen Colourful Route Hop-On Hop-Off Copenhagen	img_1666173357_1666173379__co1.jpg	1	0.00	32.00	32.00	32.00	32.00	32.00	32.00	0	16	99	Adult	0	0	1674450649	1704059940	0	0	0	2	PT100318	{"third_party_account":"denmark","iticket_product_id":"PT100318","third_party_code":"ITICKET2"}
47145	7	347	2001	0	City Sightseeing Amsterdam	0	0	lll	0	0	0.00	0	2021-06-19	Canal Cruise + Hop-On Hop-Off Amsterdam 24-hour Ticket	img_1666170873_1666170905__am1.jpg	1	0.00	35.50	35.50	35.50	35.50	35.50	35.50	0	14	99	Adult	0	0	1708563845	1743458340	0	0	0	20	P644	{"third_party_code":"tickethub","third_party_account":"css","third_party_sub_account":"amsterdam","is_package":"true","productId":"P644","get_availability_from_tp":"1","capacity_product_id":"121553"}
46335	7	347	1840	0	City Sightseeing Dubai	0	0	lll	0	0	0.00	0	2021-06-19	Premium Pass Dubai 3-day pass	img_1666173207_1666173234__dub2.jpg	1	0.00	114.36	114.36	114.36	114.36	114.36	114.36	0	16	99	Adult	0	0	1698966000	1743461940	0	0	0	4	41	{"tourcms_tour_id":"41","tourcms_channel_id":"13346","third_party_code":"TOURCMS","get_availability_from_tp":"1"}
46353	7	347	1840	0	City Sightseeing Dubai	0	0	lll	0	0	0.00	0	2021-06-19	Premium Pass Dubai 1-day pass	img_1666003410_1666003468__dubaidaytour08.jpg	1	0.00	87.20	87.20	87.20	87.20	87.20	87.20	0	16	99	Adult	0	0	1727996400	1743461940	0	0	0	4	39	{"tourcms_tour_id":"39","tourcms_channel_id":"13346","third_party_code":"TOURCMS","get_availability_from_tp":"1"}
46355	7	347	1840	0	City Sightseeing Dubai	0	0	lll	0	0	0.00	0	2021-06-19	Premium Pass Dubai 2-day pass	img_1666173109_1666173155__dub1.jpg	1	0.00	106.19	106.19	106.19	106.19	106.19	106.19	0	16	99	Adult	0	0	1698966000	1743461940	0	0	0	4	40	{"tourcms_tour_id":"40","tourcms_channel_id":"13346","third_party_code":"TOURCMS","get_availability_from_tp":"1"}
53111	7	347	1840	0	City Sightseeing Dubai	0	0	lll	0	0	0.00	0	2021-06-19	Premium Pass Dubai + Aquaventure Premium Pass + Aquaventure	img_1666010548_1666010655__dubaidaytour08.jpg	1	0.00	163.35	163.35	163.35	163.35	163.35	163.35	0	16	99	Adult	0	0	1665352800	1743458340	0	0	0	4	44	{"tourcms_tour_id":"44","tourcms_channel_id":"13346","get_availability_from_tp":"1","third_party_code":"TOURCMS"}
2963	7	347	45228	0	City Sightseeing Panama	0	0	lll	0	0	0.00	0	2021-06-19	Hop-On Hop-Off Panama City 24 hours	img_1706024738_1706024752__panama.jpeg	1	0.00	30.00	30.00	30.00	30.00	30.00	30.00	0	13	99	Adult	0	0	1721858400	1743458340	0	0	0	4	1	{"tourcms_tour_id":"1","tourcms_channel_id":"13403","third_party_code":"TOURCMS","get_availability_from_tp":"1"}
2965	7	347	45228	0	City Sightseeing Panama	0	0	lll	0	0	0.00	0	2021-06-19	Hop-On Hop-Off Panama City 48 hours	img_1706025045_1706025056__panama.jpeg	1	0.00	36.00	36.00	36.00	36.00	36.00	36.00	0	13	99	Adult	0	0	1721858400	1743458340	0	0	0	4	2	{"tourcms_tour_id":"2","tourcms_channel_id":"13403","third_party_code":"TOURCMS","get_availability_from_tp":"1"}
63454	7	347	2093	0	City Sightseeing Sweden	0	0	lll	0	0	0.00	0	2021-06-19	Hop-On Hop-Off Visby Bus - 24 Hours	img_1709032914_1709033041__visby.jpg	1	0.00	34.00	34.00	34.00	34.00	34.00	34.00	0	16	99	Adult	0	0	1705542006	1730329140	0	0	0	2	PT401014	{"third_party_account":"sweden","iticket_product_id":"PT401014","third_party_code":"ITICKET2"}
46185	7	347	1770	2	City Sightseeing Cordoba	0	0	lll	0	0	0.00	0	2021-06-19	Cordoba Experience 48-hour ticket	img_1647432222_default_image.jpg	1	0.00	25.00	25.00	25.00	25.00	25.00	25.00	0	13	99	Adult	0	0	1729209600	1735689540	0	0	0	5	9222	{"third_party_code":"CS","third_party_account":"citysightseeing","supplier_id":"110","cs_product_id":3516,"cs_option_id":9222,"cs_product_type":"COMBI","city":"ODB","country":"ES"}
46189	7	347	1770	2	City Sightseeing Cordoba	0	0	lll	0	0	0.00	0	2021-06-19	Cordoba Mezquita Experience 48-hour ticket	img_1647432303_default_image.jpg	1	0.00	39.00	39.00	39.00	39.00	39.00	39.00	0	13	99	Adult	0	0	1729209600	1735689540	0	0	0	5	9223	{"third_party_code":"CS","third_party_account":"citysightseeing","supplier_id":"110","cs_product_id":3517,"cs_option_id":9223,"cs_product_type":"COMBI","city":"ODB","country":"ES"}
46187	7	347	1770	2	City Sightseeing Cordoba	0	0	lll	0	0	0.00	0	2021-06-19	Cordoba Premium Experience 48-hour ticket	img_1647432266_default_image.jpg	1	0.00	59.99	59.99	59.99	59.99	59.99	59.99	0	16	99	Adult	0	0	1729209600	1735689540	0	0	0	5	9224	{"third_party_code":"CS","third_party_account":"citysightseeing","supplier_id":"110","cs_product_id":3518,"cs_option_id":9224,"cs_product_type":"COMBI","city":"ODB","country":"ES"}
65996	7	347	2117	0	City Sightseeing Budapest	0	0	lll	0	0	0.00	0	2021-06-19	Boat Tour + Walking Tour + Hop-On Hop-Off Budapest 72-hour ticket		1	0.00	46.00	46.00	46.00	46.00	46.00	46.00	0	19	99	Adult	0	0	1685570400	1743458340	0	0	0	5	10733	{"third_party_code":"CS","third_party_account":"citysightseeing","supplier_id":"74","cs_product_id":57,"cs_option_id":10733,"cs_product_type":"HOP ON-HOP OFF","city":"BUD","country":"HU"}
65997	7	347	2117	0	City Sightseeing Budapest	0	0	lll	0	0	0.00	0	2021-06-19	Boat Tour + Walking Tour + Hop-On Hop-Off Budapest 48-hour ticket		1	0.00	41.00	41.00	41.00	41.00	41.00	41.00	0	19	99	Adult	0	0	1685570400	1743458340	0	0	0	5	10732	{"third_party_code":"CS","third_party_account":"citysightseeing","supplier_id":"74","cs_product_id":57,"cs_option_id":10732,"cs_product_type":"HOP ON-HOP OFF","city":"BUD","country":"HU"}
65365	7	347	2153	0	City Sightseeing Greece	0	0	lll	0	0	0.00	0	2021-06-19	Hop-On Hop-Off Athens 24 hours	img_1729129325_default_image.jpg	1	0.00	20.00	20.00	20.00	20.00	20.00	20.00	0	13	99	Adult	0	0	1729029600	1743458340	0	0	0	77	47fa935e-0bf6-4bbc-92d1-57a5b7b8209a	{"third_party_code":"ventrata_platinum_heritage","third_party_ticket_id":"47fa935e-0bf6-4bbc-92d1-57a5b7b8209a","third_party_account":"athens","get_availability_from_tp":"1","is_combi_ticket_allowed":"1","is_reference_as_code":"1","barcode_type":"0"}
16718	7	347	2546	0	City Sightseeing Seattle	0	0	lll	0	0	0.00	0	2021-06-19	Seattle Night Tour Ticket	img_1613129945_seaan6_P_2915_cd8574de-86f8-4622-8460-a9c908336260.jpeg	1	0.00	43.00	43.00	43.00	43.00	43.00	43.00	0	12	99	Adult	0	0	1703153941	1725231540	0	0	0	77	ea876746-c8c4-459d-a8fc-65478682d23c	{"third_party_code":"ventrata_platinum_heritage","third_party_account":"seattle","third_party_ticket_id":"ea876746-c8c4-459d-a8fc-65478682d23c","third_party_ticket_option_id":"34784d9c-a18d-49b1-b158-c1305db71459","barcode_type":"0","is_combi_ticket_allowed":"1","is_reference_as_code":"1"}
66189	7	347	48923	0	Elephant Gogo (City Sightseeing Bangkok)	0	0	lll	0	0	0.00	0	2021-06-19	Hop-On Hop-Off Bangkok 48hr Ticket	img_1688031705_1688031752__otabangkok7.jpg	1	0.00	36.00	36.00	36.00	36.00	36.00	36.00	0	13	99	Adult	0	0	1718327046	1743458340	0	0	0	5	10740	{"third_party_code":"CS","third_party_account":"citysightseeing","supplier_id":"1051","cs_product_id":3947,"cs_option_id":10740,"cs_product_type":"HOP ON-HOP OFF","city":"T10","country":"TH"}
66190	7	347	48923	0	Elephant Gogo (City Sightseeing Bangkok)	0	0	lll	0	0	0.00	0	2021-06-19	Hop-On Hop-Off Bangkok 72hr Ticket	img_1688031960_1688032009__otabangkok7.jpg	1	0.00	41.00	41.00	41.00	41.00	41.00	41.00	0	13	99	Adult	0	0	1686632361	1743458340	0	0	0	5	10741	{"third_party_code":"CS","third_party_account":"citysightseeing","supplier_id":"1051","cs_product_id":3947,"cs_option_id":10741,"cs_product_type":"HOP ON-HOP OFF","city":"T10","country":"TH"}
66191	7	347	48923	0	Elephant Gogo (City Sightseeing Bangkok)	0	0	lll	0	0	0.00	0	2021-06-19	Hop-On Hop-Off Bangkok 24-hour ticket	img_1688031496_1688031557__otabangkok7.jpg	1	0.00	30.00	30.00	30.00	30.00	30.00	30.00	0	13	99	Adult	0	0	1686632310	1743458340	0	0	0	5	10739	{"third_party_code":"CS","third_party_account":"citysightseeing","supplier_id":"1051","cs_product_id":3947,"cs_option_id":10739,"cs_product_type":"HOP ON-HOP OFF","city":"T10","country":"TH"}
70559	7	347	50406	0	City Sightseeing Madrid	0	0	lll	0	0	0.00	0	2021-06-19	Hop-On Hop-Off Madrid 24-hour ticket	img_1698122001_default_image.jpg	1	0.00	25.00	25.00	25.00	25.00	25.00	25.00	0	13	99	Adult	0	0	1707284220	1735682340	0	0	0	5	11104	{"third_party_code":"CS","third_party_account":"citysightseeing","supplier_id":"1083","cs_product_id":4080,"cs_option_id":11104,"cs_product_type":"HOP ON-HOP OFF","city":"MAD","country":"ES"}
73759	7	347	50406	2	City Sightseeing Madrid	0	0	lll	0	0	0.00	0	2021-06-19	Hop-On Hop-Off Madrid 48-hour ticket	img_1705366806_default_image.jpg	1	0.00	30.00	30.00	30.00	30.00	30.00	30.00	0	13	99	Adult	0	0	1707284220	1735685940	0	0	0	5	11394	{"third_party_code":"CS","third_party_account":"citysightseeing","supplier_id":"1083","cs_product_id":4080,"cs_option_id":11394,"cs_product_type":"HOP ON-HOP OFF","city":"MAD","country":"ES"}
29399	7	347	2149	0	City Sightseeing Copenhagen	0	0	lll	0	0	0.00	0	2021-06-19	Classic Route Hop-On Hop-Off Copenhagen Classic Route Hop-On Hop-Off Copenhagen - 24hr		1	0.00	31.00	31.00	31.00	31.00	31.00	31.00	0	16	99	Adult	0	0	1710194400	1743458340	0	0	0	2	PT100444	{"third_party_code":"ITICKET2","third_party_account":"denmark","iticket_product_id":"PT100444","iticket_location_code":"MULTI"}
77241	7	347	2149	0	City Sightseeing Copenhagen	0	0	lll	0	0	0.00	0	2021-06-19	Classic Route Hop-On Hop-Off Copenhagen Classic Route Hop-On Hop-Off Copenhagen - 48hr	img_1710314835_default_image.jpg	1	0.00	35.00	35.00	35.00	35.00	35.00	35.00	0	16	99	Adult	0	0	1710198000	1743461940	0	0	0	2	PT100129	{"third_party_code":"ITICKET2","third_party_account":"denmark","iticket_product_id":"PT100129","iticket_location_code":"MULTI"}
77225	7	347	2149	0	City Sightseeing Copenhagen	0	0	lll	0	0	0.00	0	2021-06-19	Hop-On Hop-Off Copenhagen - All Routes All lines - 48 Hours	img_1710292218_default_image.jpg	1	0.00	37.50	37.50	37.50	37.50	37.50	37.50	0	16	99	Adult	0	0	1710198000	1767221940	0	0	0	2	PT100121	{"third_party_code":"ITICKET2","third_party_account":"denmark","iticket_product_id":"PT100121","iticket_location_code":"MULTI"}
77567	7	347	1786	0	City Sightseeing Berlin	0	0	lll	0	0	0.00	0	2021-06-19	Hop-On Hop-Off Berlin (All Routes) 24hr Ticket	img_1710841283_default_image.jpg	1	0.00	30.00	30.00	30.00	30.00	30.00	30.00	0	16	99	Adult	0	0	1710841283	1743461940	0	0	0	20	151591	{"third_party_code":"tickethub","third_party_account":"css","third_party_sub_account":"berlin","productId":"151591"}
77550	7	347	1786	0	City Sightseeing Berlin	0	0	lll	0	0	0.00	0	2021-06-19	Hop-On Hop-Off Berlin (All Routes) 48hr Ticket	img_1710810498_default_image.jpg	1	0.00	34.00	34.00	34.00	34.00	34.00	34.00	0	16	99	Adult	0	0	1710810498	1743461940	0	0	0	20	151592	{"third_party_code":"tickethub","third_party_account":"css","third_party_sub_account":"berlin","productId":"151592"}
77551	7	347	1786	0	City Sightseeing Berlin	0	0	lll	0	0	0.00	0	2021-06-19	River Cruise + Hop-On Hop-Off Berlin (All Routes) 24hr Ticket	img_1710810618_default_image.jpg	1	0.00	39.00	39.00	39.00	39.00	39.00	39.00	0	16	99	Adult	0	0	1710810618	1743461940	0	0	0	20	P734	{"third_party_code":"tickethub","third_party_account":"css","third_party_sub_account":"berlin","productId":"P734","is_package":"true","capacity_product_id":"170939"}
77570	7	347	1786	0	City Sightseeing Berlin	0	0	lll	0	0	0.00	0	2021-06-19	River Cruise + Hop-On Hop-Off Berlin (All Routes) 48hr Ticket	img_1710841422_default_image.jpg	1	0.00	43.00	43.00	43.00	43.00	43.00	43.00	0	16	99	Adult	0	0	1710841422	1743461940	0	0	0	20	P735	{"third_party_code":"tickethub","third_party_account":"css","third_party_sub_account":"berlin","productId":"P735","is_package":"true","capacity_product_id":"170939"}
77552	7	347	1786	0	City Sightseeing Berlin	0	0	lll	0	0	0.00	0	2021-06-19	Icebar + Hop-On Hop-Off Berlin (All Routes) 24hr Ticket	img_1710810859_default_image.jpg	1	0.00	39.00	39.00	39.00	39.00	39.00	39.00	0	16	99	Adult	0	0	1710810859	1743461940	0	0	0	20	P928	{"third_party_code":"tickethub","third_party_account":"css","third_party_sub_account":"berlin","productId":"P928","is_package":"true","capacity_product_id":"147628"}
77553	7	347	1786	0	City Sightseeing Berlin	0	0	lll	0	0	0.00	0	2021-06-19	Icebar + Hop-On Hop-Off Berlin (All Routes) 48hr Ticket	img_1710810979_default_image.jpg	1	0.00	43.00	43.00	43.00	43.00	43.00	43.00	0	16	99	Adult	0	0	1710810979	1743461940	0	0	0	20	P929	{"third_party_code":"tickethub","third_party_account":"css","third_party_sub_account":"berlin","productId":"P929","is_package":"true","capacity_product_id":"147628"}
80872	7	347	1941	0	City Sightseeing Norway	0	0	lll	0	0	0.00	0	2021-06-19	Hop-On Hop-Off Haugesund 24hr Ticket	img_1716512885_default_image.jpg	1	0.00	41.00	41.00	41.00	41.00	41.00	41.00	0	16	99	Adult	0	0	1727906400	1730411940	0	0	0	2	PT700298	{"third_party_code":"ITICKET2","third_party_account":"norway","iticket_product_id":"PT700298","iticket_location_code":"HAU"}
21912	7	347	2546	0	City Sightseeing Seattle	0	0	lll	0	0	0.00	0	2021-06-19	Sky View Observatory + Hop-On Hop-Off Bus Seattle General admission + 24-hour bus	img_1613199187_skyview3_P_3178_a50dfc91-5f20-496e-9e6b-9bf4a31321dd.jpeg	1	0.00	75.00	75.00	75.00	75.00	75.00	75.00	0	18	99	Adult	0	0	1714086000	1728860340	0	0	0	77	29bfbfb3-6d26-434e-8a2c-fafb959a5108	{"third_party_code":"ventrata_platinum_heritage","third_party_account":"seattle","third_party_ticket_id":"29bfbfb3-6d26-434e-8a2c-fafb959a5108","third_party_ticket_option_id":"96f96c3e-4b08-4885-b7e7-f92fd186c132","barcode_type":"0","is_combi_ticket_allowed":"1","is_reference_as_code":"1"}
21909	7	347	2546	0	City Sightseeing Seattle	0	0	lll	0	0	0.00	0	2021-06-19	Sky View Observatory + Hop-On Hop-Off Bus Seattle General admission + 48-hour Bus	img_1613199223_skyview3_P_3178_a50dfc91-5f20-496e-9e6b-9bf4a31321dd.jpeg	1	0.00	54.00	54.00	54.00	54.00	54.00	54.00	0	18	99	Adult	0	0	1725490800	1728860340	0	0	0	77	29bfbfb3-6d26-434e-8a2c-fafb959a5108	{"third_party_code":"ventrata_platinum_heritage","third_party_account":"seattle","third_party_ticket_id":"29bfbfb3-6d26-434e-8a2c-fafb959a5108","third_party_ticket_option_id":"39e25349-7a7b-406f-b8ac-f043f29c40c5","barcode_type":"0","is_combi_ticket_allowed":"1","is_reference_as_code":"1"}
