,,,***Flight Centre 2024 required,,,,,,,,,,,,,,,,,,,,,,,,,,,,,,,
,,,**Resellers also required,,,,,,,,,,,,,,,,,,,,,,,,,,,,,,,
,,,,,,,,,,,,,,,,,,,,,,,,,,,,,,,,,,
,,,,,NIL,,BASE,,,,,,,,,,,,,,,,,MID,,,,HIGH,,,,,,FC
,,,,,Evan Evans Tours Ltd,Evan Evans Tours,Tiqets,Isango,Musement ,Expedia ,Civitatis ,Veltra ,Travel Connection under distrutor,Travelcoup under distubtor ,Project Expedtions under distrubtor,TCMS- not in use,Axis & Globe not in use,C trip not in use,Tiqets Supplier not in use,Tickitto Not in use,Vincent No in use,Prio Marketplace NL in not in use,Bokun not in use,City Sightseeing ,City Sightseeing Worldwide ,Attraction world ,We know London ,Get your guide ,Viator,Headout ,Klook ,Ticmate,Hotelbeds,Flight Centre not in use
Sr. No.,Pricelist Id,Product Id - Prio,Product Title,Rate Sheet ID,541,671,19,31,51,69,114,4341,1449,244,305,1010,1416,1001,1273,1275,1279,329,848,99,523,686,1197,15,17,61,211,674,1380,1271
2539,830,61440,ABBA Voyage - Express Coach & Concert Ticket,Cluster,0,0,20,20,20,20,20,20,20,20,20,20,20,20,20,20,20,20,20,23,23,23,23,25,25,25,25,25,25,25
2539,830,61395,ABBA Voyage - Express Coach & Concert Ticket (Dance Floor),61395,0,0,20,20,20,20,20,20,20,20,20,20,20,20,20,20,20,20,20,23,23,23,23,25,25,25,25,25,25,25
2653,830,67436,ABBA Voyage - Express Coach & Concert Ticket (Premium Seated),67436,0,0,20,20,20,20,20,20,20,20,20,20,20,20,20,20,20,20,20,23,23,23,23,25,25,25,25,25,25,20
2541,830,61426,ABBA Voyage - Express Coach & Concert Ticket (Seated),61426,0,0,20,20,20,20,20,20,20,20,20,20,20,20,20,20,20,20,20,23,23,23,23,25,25,25,25,25,25,25
2532,830,59436,ABBA Voyage - Express Coach only,59436,0,0,20,20,20,20,20,20,20,20,20,20,20,20,20,20,20,20,20,23,23,23,23,25,25,25,25,25,25,25
2530,830,60608,"ABBA Voyage: Express Coach from London (Dance Floor -  MON, THUR & SUN)",61395,0,0,20,20,20,20,20,20,20,20,20,20,20,20,20,20,20,20,20,23,23,23,23,25,25,25,25,25,25,25
2526,830,59340,ABBA Voyage: Express Coach from London (Dance Floor - FRI & SAT),61395,0,0,20,20,20,20,20,20,20,20,20,20,20,20,20,20,20,20,20,23,23,23,23,25,25,25,25,25,25,25
2654,830,67435,ABBA Voyage: Express Coach from London (Premium Seated - FRI & SAT),67436,0,0,20,20,20,20,20,20,20,20,20,20,20,20,20,20,20,20,20,23,23,23,23,25,25,25,25,25,25,20
2655,830,67434,"ABBA Voyage: Express Coach from London (Premium Seated - MON, THUR & SUN)",67436,0,0,20,20,20,20,20,20,20,20,20,20,20,20,20,20,20,20,20,23,23,23,23,25,25,25,25,25,25,20
2524,830,59337,ABBA Voyage: Express Coach from London (Seated - FRI & SAT),61426,0,0,20,20,20,20,20,20,20,20,20,20,20,20,20,20,20,20,20,23,23,23,23,25,25,25,25,25,25,25
2528,830,60609,"ABBA Voyage: Express Coach from London (Seated - MON, THUR & SUN)",61426,0,0,20,20,20,20,20,20,20,20,20,20,20,20,20,20,20,20,20,23,23,23,23,25,25,25,25,25,25,25
2763,830,71712,Bath & Cotswold Village Tour with Driver Guide,71712,0,0,20,20,20,20,20,20,20,20,20,20,20,20,20,20,20,20,20,20,20,20,20,20,20,20,20,20,20,20
2765,830,71713,Bath & Cotswold Village Tour with Separate Tour Guide,71713,0,0,20,20,20,20,20,20,20,20,20,20,20,20,20,20,20,20,20,20,20,20,20,20,20,20,20,20,20,20
1434,830,23617,Best of London Private Full Day Tour with Driver Guide,23617,0,0,20,20,20,20,20,20,20,20,20,20,20,20,20,20,20,20,20,20,20,20,20,20,20,20,20,20,20,20
65,830,16040,Bicester Village  - Chiltern Ticket Books,16040,0,0,20,20,20,20,20,20,20,20,20,20,20,20,20,20,20,20,20,20,20,20,20,20,20,20,20,20,20,20
418,830,13985,Bicester Village Shopping by Train,13985,0,0,20,20,20,20,20,20,20,20,20,20,20,20,20,20,20,20,20,20,20,20,20,20,20,20,20,20,20,20
2705,830,70027,Bicester Village VIP Shopping Experience with Luxury Transportation,70027,0,0,20,20,20,20,20,20,20,20,20,20,20,20,20,20,20,20,20,20,20,20,20,20,20,20,20,20,20,20
2704,830,70024,Bicester Village VIP Shopping Experience with Luxury Transportation (Phantom/Ghost Rolls Royce),70024,0,0,20,20,20,20,20,20,20,20,20,20,20,20,20,20,20,20,20,20,20,20,20,20,20,20,20,20,20,20
2701,830,70021,Bicester Village VIP Shopping Experience with Luxury Transportation (S-Class vehicle),70021,0,0,20,20,20,20,20,20,20,20,20,20,20,20,20,20,20,20,20,20,20,20,20,20,20,20,20,20,20,20
2702,830,70022,Bicester Village VIP Shopping Experience with Luxury Transportation (V-Class vehicle),70022,0,0,20,20,20,20,20,20,20,20,20,20,20,20,20,20,20,20,20,20,20,20,20,20,20,20,20,20,20,20
2703,830,70023,Bicester Village VIP Shopping Experience with Luxury Transportation (Vintage Rolls Royce),70023,0,0,20,20,20,20,20,20,20,20,20,20,20,20,20,20,20,20,20,20,20,20,20,20,20,20,20,20,20,20
325,830,15569,"Blenheim Palace, Downton Abbey Village & The Cotswolds",15569,0,0,25,25,25,25,25,25,25,25,25,25,25,25,25,25,25,25,25,28,28,28,28,30,30,30,30,30,30,25
1113,830,18840,"Blenheim Palace, Downton Abbey Village & The Cotswolds",13907,0,0,25,25,25,25,25,25,25,25,25,25,25,25,25,25,25,25,25,28,28,28,28,30,30,30,30,30,30,25
319,830,13907,"Blenheim Palace, Downton Abbey Village & The Cotswolds - excluding entrances",13907,0,0,25,25,25,25,25,25,25,25,25,25,25,25,25,25,25,25,25,28,28,28,28,30,30,30,30,30,30,25
634,830,15620,"Blenheim Palace, Downton Abbey Village & The Cotswolds - Japanese",15569,0,0,25,25,25,25,25,25,25,25,25,25,25,25,25,25,25,25,25,28,28,28,28,30,30,30,30,30,30,25
628,830,14045,"Blenheim Palace, Downton Abbey Village & The Cotswolds (Japanese) - excluding entrances",13907,0,0,25,25,25,25,25,25,25,25,25,25,25,25,25,25,25,25,25,28,28,28,28,30,30,30,30,30,30,25
289,830,13892,Buckingham Palace & Windsor Castle Tour,13892,0,0,25,25,25,25,25,25,25,25,25,25,25,25,25,25,25,25,25,28,28,28,28,30,30,30,30,30,30,25
1130,830,14120,Crown Jewels of London Private Tour with separate Tour Guide,14120,0,0,20,20,20,20,20,20,20,20,20,20,20,20,20,20,20,20,20,20,20,20,20,20,20,20,20,20,20,20
137,830,13796,Crown Jewels of London tour with River Cruise,13796,0,0,25,25,25,25,25,25,25,25,25,25,25,25,25,25,25,25,25,28,28,28,28,30,30,30,30,30,30,25
1129,830,22565,Crown Jewels of London tour with river cruise,13796,0,0,25,25,25,25,25,25,25,25,25,25,25,25,25,25,25,25,25,28,28,28,28,30,30,30,30,30,30,25
459,830,15092,Edinburgh - The Royal City with Overnight Stay (First Class),15092,0,0,20,20,20,20,20,20,20,20,20,20,20,20,20,20,20,20,20,20,20,20,20,20,20,20,20,20,20,20
444,830,15041,Edinburgh - The Royal City with Overnight Stay (standard class),15041,0,0,20,20,20,20,20,20,20,20,20,20,20,20,20,20,20,20,20,20,20,20,20,20,20,20,20,20,20,20
23,830,15788,Edinburgh The Royal City - Day Tour from London,13994,0,0,20,20,20,20,20,20,20,20,20,20,20,20,20,20,20,20,20,20,20,20,20,20,20,20,20,20,20,20
2291,830,46727,Edinburgh The Royal City - Day Tour from London,46727,0,0,20,20,20,20,20,20,20,20,20,20,20,20,20,20,20,20,20,20,20,20,20,20,20,20,20,20,20,20
438,830,15089,Edinburgh The Royal City - Day Tour from London (First Class),15089,0,0,20,20,20,20,20,20,20,20,20,20,20,20,20,20,20,20,20,20,20,20,20,20,20,20,20,20,20,20
432,830,13994,Edinburgh The Royal City - Day Tour from London (standard class),13994,0,0,20,20,20,20,20,20,20,20,20,20,20,20,20,20,20,20,20,20,20,20,20,20,20,20,20,20,20,20
2089,830,40348,Edinburgh The Royal City - Overnight Rail Tour from London,13994,0,0,20,20,20,20,20,20,20,20,20,20,20,20,20,20,20,20,20,20,20,20,20,20,20,20,20,20,20,20
529,830,15713,"Edinburgh, Loch Ness & The Highlands - 3 Day Rail Tour from London (First Class)",15713,0,0,20,20,20,20,20,20,20,20,20,20,20,20,20,20,20,20,20,20,20,20,20,20,20,20,20,20,20,20
514,830,14021,"Edinburgh, Loch Ness & The Highlands - 3 Day Rail Tour from London (Standard Class)",14021,0,0,20,20,20,20,20,20,20,20,20,20,20,20,20,20,20,20,20,20,20,20,20,20,20,20,20,20,20,20
2088,830,40342,"Edinburgh, Loch Ness & The Highlands - 3 Day Tour from London",14021,0,0,20,20,20,20,20,20,20,20,20,20,20,20,20,20,20,20,20,20,20,20,20,20,20,20,20,20,20,20
2548,830,61677,Guided Paris Small Group tour with Champagne Lunch on the Eiffel Tower,14003,0,0,20,20,20,20,20,20,20,20,20,20,20,20,20,20,20,20,20,20,20,20,20,20,20,20,20,20,20,20
478,830,14003,Guided Paris Small Group Tour with Champagne Lunch on the Eiffel Tower - standard class,14003,0,0,20,20,20,20,20,20,20,20,20,20,20,20,20,20,20,20,20,20,20,20,20,20,20,20,20,20,20,20
484,830,15218,Guided Paris Small Group Tour with Champagne Lunch on the Eiffel Tower - Standard Premier,15218,0,0,20,20,20,20,20,20,20,20,20,20,20,20,20,20,20,20,20,20,20,20,20,20,20,20,20,20,20,20
1495,830,15794,Guided Paris Small Group Tour with Lunch Cruise,14006,0,0,20,20,20,20,20,20,20,20,20,20,20,20,20,20,20,20,20,20,20,20,20,20,20,20,20,20,20,20
490,830,14006,Guided Paris Small Group Tour with Lunch Cruise - standard class,14006,0,0,20,20,20,20,20,20,20,20,20,20,20,20,20,20,20,20,20,20,20,20,20,20,20,20,20,20,20,20
496,830,15224,Guided Paris Small Group Tour with Lunch Cruise - Standard Premier,15224,0,0,20,20,20,20,20,20,20,20,20,20,20,20,20,20,20,20,20,20,20,20,20,20,20,20,20,20,20,20
24,830,15797,Guided Paris Small Group Tour with River Cruise,14012,0,0,20,20,20,20,20,20,20,20,20,20,20,20,20,20,20,20,20,20,20,20,20,20,20,20,20,20,20,20
502,830,14012,Guided Paris Small Group Tour with River Cruise - standard class,14012,0,0,20,20,20,20,20,20,20,20,20,20,20,20,20,20,20,20,20,20,20,20,20,20,20,20,20,20,20,20
508,830,15230,Guided Paris Small Group Tour with River Cruise - Standard Premier,15230,0,0,20,20,20,20,20,20,20,20,20,20,20,20,20,20,20,20,20,20,20,20,20,20,20,20,20,20,20,20
2656,830,68892,GYG - Warner Bros. Tour from London Victoria,Not on rate sheet,0,0,20,20,20,20,20,20,20,20,20,20,20,20,20,20,20,20,20,20,20,20,20,20,20,20,20,20,20,25
1457,830,23641,Hampton Court & Windsor Castle Private tour ,Not on rate sheet,0,0,20,20,20,20,20,20,20,20,20,20,20,20,20,20,20,20,20,20,20,20,20,20,20,20,20,20,20,20
1449,830,23621,Hampton Court & Windsor Castle Private tour with Driver-Guide,23621,0,0,20,20,20,20,20,20,20,20,20,20,20,20,20,20,20,20,20,20,20,20,20,20,20,20,20,20,20,20
97,830,14093,Hampton Court & Windsor Castle Private tour with separate Tour Guide,14093,0,0,TBC,TBC,TBC,TBC,TBC,TBC,TBC,TBC,TBC,TBC,TBC,TBC,TBC,TBC,TBC,TBC,TBC,TBC,TBC,TBC,TBC,TBC,TBC,TBC,TBC,TBC,TBC,TBC
1065,830,18263,Hard Rock London Coach Tour  -  Afternoon,Not on rate sheet,0,0,TBC,TBC,TBC,TBC,TBC,TBC,TBC,TBC,TBC,TBC,TBC,TBC,TBC,TBC,TBC,TBC,TBC,TBC,TBC,TBC,TBC,TBC,TBC,TBC,TBC,TBC,TBC,TBC
2566,830,62150,Hard Rock London Coach Tour - Full Day tour only,Not on rate sheet,0,0,TBC,TBC,TBC,TBC,TBC,TBC,TBC,TBC,TBC,TBC,TBC,TBC,TBC,TBC,TBC,TBC,TBC,TBC,TBC,TBC,TBC,TBC,TBC,TBC,TBC,TBC,TBC,TBC
2571,830,62148,Hard Rock London Coach Tour - Morning tour only,Not on rate sheet,0,0,TBC,TBC,TBC,TBC,TBC,TBC,TBC,TBC,TBC,TBC,TBC,TBC,TBC,TBC,TBC,TBC,TBC,TBC,TBC,TBC,TBC,TBC,TBC,TBC,TBC,TBC,TBC,TBC
1600,830,17969,Hard Rock London Coach Tour - Morning Tour with Lunch,Not on rate sheet,0,0,TBC,TBC,TBC,TBC,TBC,TBC,TBC,TBC,TBC,TBC,TBC,TBC,TBC,TBC,TBC,TBC,TBC,TBC,TBC,TBC,TBC,TBC,25,TBC,TBC,TBC,TBC,TBC
1112,830,19092,Hard Rock London Coach Tour  with optional lunch - Full Day,Not on rate sheet,0,0,TBC,TBC,TBC,TBC,TBC,TBC,TBC,TBC,TBC,TBC,TBC,TBC,TBC,TBC,TBC,TBC,TBC,TBC,TBC,TBC,TBC,TBC,TBC,TBC,TBC,TBC,TBC,TBC
1646,830,17834,Hard Rock London Coach Tour â€“ Full Day Tour with Lunch,Not on rate sheet,0,0,TBC,TBC,TBC,TBC,TBC,TBC,TBC,TBC,TBC,TBC,TBC,TBC,TBC,TBC,TBC,TBC,TBC,TBC,TBC,TBC,TBC,TBC,TBC,TBC,TBC,TBC,TBC,TBC
2576,830,62152,Hard Rock London Coach Tour with optional lunch - Morning,Not on rate sheet,0,0,20,20,20,20,20,20,20,20,20,20,20,20,20,20,20,20,20,20,20,20,20,20,20,20,20,20,20,20
217,830,13832,Harry Potter Film Locations Walking Tour,13832,0,0,20,20,20,20,20,20,20,20,20,20,20,20,20,20,20,20,20,23,23,23,23,25,25,25,25,25,25,25
1747,830,15476,Harry Potter Film Locations Walking Tour - UHP,Not on rate sheet,0,0,20,20,20,20,20,20,20,20,20,20,20,20,20,20,20,20,20,23,23,23,23,25,25,25,25,25,25,25
1743,830,15473,Harry Potter Studio Tour - Warner Bros. Studio - UHP,Not on rate sheet,0,0,25,25,25,25,25,25,25,25,25,25,25,25,25,25,25,25,25,25,25,25,25,25,25,25,25,25,25,25
2183,830,24858,Harry Potter Warner Bros. Tour from London,13829,0,0,25,25,25,25,25,25,25,25,25,25,25,25,25,25,25,25,25,25,25,25,25,25,25,25,25,25,25,25
2289,830,46723,Harry Potter Warner Bros. Tour from London,13829,0,0,25,25,25,25,25,25,25,25,25,25,25,25,25,25,25,25,25,25,25,25,25,25,25,25,25,25,25,25
172,830,13829,Harry Potter Warner Bros. Tour from London Victoria,13829,0,0,25,25,25,25,25,25,25,25,25,25,25,25,25,25,25,25,25,25,25,25,25,25,25,25,25,20,25,25
2124,830,24857,Harry Potter Warner Bros. Tour from Russell Square,24857,0,0,25,25,25,25,25,25,25,25,25,25,25,25,25,25,25,25,25,25,25,25,25,25,25,25,25,20,25,25
2484,830,56949,Harry Potter Warner Bros. Tour with Four Night London Stay,56949,0,0,25,25,25,25,25,25,25,25,25,25,25,25,25,25,25,25,25,25,25,25,25,25,25,25,25,25,25,25
2342,830,52565,Harry Potter Warner Bros. Tour with One Night London Stay,52565,0,0,25,25,25,25,25,25,25,25,25,25,25,25,25,25,25,25,25,25,25,25,25,25,25,25,25,25,25,25
2340,830,54549,Harry Potter Warner Bros. Tour with overnight London Stay,54549,0,0,25,25,25,25,25,25,25,25,25,25,25,25,25,25,25,25,25,25,25,25,25,25,25,25,25,25,25,25
2431,830,56241,Harry Potter Warner Bros. Tour with Three Night London Stay,56241,0,0,25,25,25,25,25,25,25,25,25,25,25,25,25,25,25,25,25,25,25,25,25,25,25,25,25,25,25,25
2369,830,54475,Harry Potter Warner Bros. Tour with Two Night London Stay,54475,0,0,25,25,25,25,25,25,25,25,25,25,25,25,25,25,25,25,25,25,25,25,25,25,25,25,25,25,25,25
161,830,13805,Jack The Ripper Guided Coach Tour with free Fish & Chips ,13805,0,0,25,25,25,25,25,25,25,25,25,25,25,25,25,25,25,25,25,28,28,28,28,30,30,30,30,30,30,25
2544,830,61637,Jack the Ripper Guided Walking tour with free Fish & Chips,Not on rate sheet,0,0,25,25,25,25,25,25,25,25,25,25,25,25,25,25,25,25,25,28,28,28,28,30,30,30,30,30,30,25
2736,830,71869,Jack The Ripper Tour with London Dungeon,71869,0,0,25,25,25,25,25,25,25,25,25,25,25,25,25,25,25,25,25,28,28,28,28,30,30,30,30,30,30,25
2549,830,61640,Jack The Ripper Tour with Ripper-ologist and free Fish & Chips,13805,0,0,25,25,25,25,25,25,25,25,25,25,25,25,25,25,25,25,25,28,28,28,28,30,30,30,30,30,30,25
1716,830,15752,"Leeds Castle, Canterbury & Dover",15590,0,0,25,25,25,25,25,25,25,25,25,25,25,25,25,25,25,25,25,28,28,28,28,30,30,30,30,30,30,25
2284,830,45959,"Leeds Castle, Canterbury & Dover",15590,0,0,25,25,25,25,25,25,25,25,25,25,25,25,25,25,25,25,25,28,28,28,28,30,30,30,30,30,30,25
2290,830,46725,"Leeds Castle, Canterbury & Dover",15590,0,0,25,25,25,25,25,25,25,25,25,25,25,25,25,25,25,25,25,28,28,28,28,30,30,30,30,30,30,25
2112,830,40352,"Leeds Castle, Canterbury & Dover - Leeds Castle entry only",40352,0,0,25,25,25,25,25,25,25,25,25,25,25,25,25,25,25,25,25,28,28,28,28,30,30,30,30,30,30,25
2100,830,40354,"Leeds Castle, Canterbury & Dover Japanese - Leeds Castle entry only","40352
",0,0,25,25,25,25,25,25,25,25,25,25,25,25,25,25,25,25,25,28,28,28,28,30,30,30,30,30,30,25
2767,830,71714,"Leeds Castle, Canterbury & Dover Tour with Driver Guide",71714,0,0,20,20,20,20,20,20,20,20,20,20,20,20,20,20,20,20,20,20,20,20,20,20,20,20,20,20,20,20
2769,830,71715,"Leeds Castle, Canterbury & Dover Tour with Separate Tour Guide",71715,0,0,20,20,20,20,20,20,20,20,20,20,20,20,20,20,20,20,20,20,20,20,20,20,20,20,20,20,20,20
32,830,15590,"Leeds Castle, Canterbury Cathedral & Dover",15590,0,0,25,25,25,25,25,25,25,25,25,25,25,25,25,25,25,25,25,28,28,28,28,30,30,30,30,30,30,25
50,830,15635,"Leeds Castle, Canterbury Cathedral & Dover Japanese","15590 
",0,0,25,25,25,25,25,25,25,25,25,25,25,25,25,25,25,25,25,28,28,28,28,30,30,30,30,30,30,25
409,830,13982,Liverpool & The Beatles - Day Tour from London (Standard Class),13982,0,0,20,20,20,20,20,20,20,20,20,20,20,20,20,20,20,20,20,20,20,20,20,20,20,20,20,20,20,20
415,830,15035,Liverpool & The Beatles - Overnight Rail Tour from London,15035,0,0,20,20,20,20,20,20,20,20,20,20,20,20,20,20,20,20,20,20,20,20,20,20,20,20,20,20,20,20
25,830,15785,Liverpool & The Beatles - Rail Tour from London (Standard Class),15035,0,0,20,20,20,20,20,20,20,20,20,20,20,20,20,20,20,20,20,20,20,20,20,20,20,20,20,20,20,20
83,830,14069,London In One Day Private tour with separate Tour Guide,14069,0,0,20,20,20,20,20,20,20,20,20,20,20,20,20,20,20,20,20,20,20,20,20,20,20,20,20,20,20,20
149,830,13799,London In One Day Tour with River Cruise,13799,0,0,25,25,25,25,25,25,25,25,25,25,25,25,25,25,25,25,25,28,28,28,28,30,30,30,30,30,30,25
1,830,15659,London In One Day Tour with River Cruise & London Eye,15659,0,0,25,25,25,25,25,25,25,25,25,25,25,25,25,25,25,25,25,28,28,28,28,30,30,30,30,30,30,25
1720,830,15704,London In One Day Tour with River Cruise & London Eye option,15659,0,0,25,25,25,25,25,25,25,25,25,25,25,25,25,25,25,25,25,28,28,28,28,30,30,30,30,30,30,25
2560,830,61744,Meet in Paris: Guided Small Group Day Tour with Champagne Lunch on the Eiffel Tower,Not on rate sheet,0,0,20,20,20,20,20,20,20,20,20,20,20,20,20,20,20,20,20,20,20,20,20,20,20,20,20,20,20,20
2564,830,61742,Meet in Paris: Guided Small Group Day Tour with Lunch Cruise,Not on rate sheet,0,0,20,20,20,20,20,20,20,20,20,20,20,20,20,20,20,20,20,20,20,20,20,20,20,20,20,20,20,20
2562,830,61743,Meet in Paris: Guided Small Group Day Tour with River Cruise,Not on rate sheet,0,0,20,20,20,20,20,20,20,20,20,20,20,20,20,20,20,20,20,20,20,20,20,20,20,20,20,20,20,20
1721,830,22592,Oxford & Cambridge Universities,13952,0,0,25,25,25,25,25,25,25,25,25,25,25,25,25,25,25,25,25,28,28,28,28,30,30,30,30,30,30,25
355,830,13952,Oxford & Cambridge Universities including Christ Church College entry,13952,0,0,25,25,25,25,25,25,25,25,25,25,25,25,25,25,25,25,25,28,28,28,28,30,30,30,30,30,30,25
1732,830,23499,Oxford by Rail Day Tour with Harry Potter Highlights Tour,23499,0,0,20,20,20,20,20,20,20,20,20,20,20,20,20,20,20,20,20,20,20,20,20,20,20,20,20,20,20,20
2256,830,26689,Oxford by Rail from London with Harry Potter Highlights Tour,23499,0,0,20,20,20,20,20,20,20,20,20,20,20,20,20,20,20,20,20,20,20,20,20,20,20,20,20,20,20,20
1736,830,23506,Oxford by Rail Overnight Tour with Harry Potter Highlights Tour,Not on rate sheet,0,0,20,20,20,20,20,20,20,20,20,20,20,20,20,20,20,20,20,20,20,20,20,20,20,20,20,20,20,20
2761,830,71709,RHS Wisley & Hampton Court Private tour with Chauffeur,71709,0,0,20,20,20,20,20,20,20,20,20,20,20,20,20,20,20,20,20,20,20,20,20,20,20,20,20,20,20,20
2267,830,44260,Royal London & Windsor Full Day Tour,44260,0,0,25,25,25,25,25,25,25,25,25,25,25,25,25,25,25,25,25,28,28,28,28,30,30,30,30,30,30,25
75,830,14078,Royal London Private Tour with separate Tour Guide,14078,0,0,20,20,20,20,20,20,20,20,20,20,20,20,20,20,20,20,20,20,20,20,20,20,20,20,20,20,20,20
113,830,13682,Royal London Tour,13682,0,0,25,25,25,25,25,25,25,25,25,25,25,25,25,25,25,25,25,28,28,28,28,30,30,30,30,30,30,25
125,830,13685,Royal London Tour with River Cruise,13685,0,0,25,25,25,25,25,25,25,25,25,25,25,25,25,25,25,25,25,28,28,28,28,30,30,30,30,30,30,25
13,830,14936,Royal London Tour with River Cruise Option,13685,0,0,25,25,25,25,25,25,25,25,25,25,25,25,25,25,25,25,25,28,28,28,28,30,30,30,30,30,30,25
2550,830,61384,Royal London tour with Westminster Abbey & Afternoon Tea,61384,0,0,25,25,25,25,25,25,25,25,25,25,25,25,25,25,25,25,25,28,28,28,28,30,30,30,30,30,30,25
2169,830,40338,Royal London with Afternoon Tea at The Rubens,40338,0,0,25,25,25,25,25,25,25,25,25,25,25,25,25,25,25,25,25,28,28,28,28,30,30,30,30,30,30,25
2757,830,71706,Royal Windsor & Eton Riverside Private tour with Driver Guide,71706,0,0,20,20,20,20,20,20,20,20,20,20,20,20,20,20,20,20,20,20,20,20,20,20,20,20,20,20,20,20
2759,830,71707,Royal Windsor & Eton Riverside Private tour with Separate Tour Guide,71707,0,0,20,20,20,20,20,20,20,20,20,20,20,20,20,20,20,20,20,20,20,20,20,20,20,20,20,20,20,20
2753,830,71700,Royal Windsor & Stonehenge Private tour with Driver Guide ,71700,0,0,20,20,20,20,20,20,20,20,20,20,20,20,20,20,20,20,20,20,20,20,20,20,20,20,20,20,20,20
2755,830,71702,Royal Windsor & Stonehenge Private tour with Separate Tour Guide,71702,0,0,20,20,20,20,20,20,20,20,20,20,20,20,20,20,20,20,20,20,20,20,20,20,20,20,20,20,20,20
1652,830,23158,Royal Windsor Afternoon Tour,13682,0,0,25,25,25,25,25,25,25,25,25,25,25,25,25,25,25,25,25,28,28,28,28,30,30,30,30,30,30,25
1442,830,23642,Royal Windsor Private Tour,Not on rate sheet,0,0,25,25,25,25,25,25,25,25,25,25,25,25,25,25,25,25,25,28,28,28,28,30,30,30,30,30,30,25
1443,830,23620,Royal Windsor Private tour with Driver-Guide,Not on rate sheet,0,0,20,20,20,20,20,20,20,20,20,20,20,20,20,20,20,20,20,20,20,20,20,20,20,20,20,20,20,20
91,830,14090,Royal Windsor Private tour with separate Tour Guide,Not on rate sheet,0,0,20,20,20,20,20,20,20,20,20,20,20,20,20,20,20,20,20,20,20,20,20,20,20,20,20,20,20,20
229,830,13844,Secrets of the London Underground Small Group Experience,13844,0,0,25,25,25,25,25,25,25,25,25,25,25,25,25,25,25,25,25,23,23,23,23,25,25,25,25,25,25,25
1703,830,26683,Secrets of the Underground with London Transport Museum,26683,0,0,25,25,25,25,25,25,25,25,25,25,25,25,25,25,25,25,25,23,23,23,23,25,25,25,25,25,25,25
1715,830,26685,Secrets of the Underground with London Transport Museum option,13844,0,0,25,25,25,25,25,25,25,25,25,25,25,25,25,25,25,25,25,23,23,23,23,25,25,25,25,25,25,25
1098,830,15611,Select Tour: Blenheim Palace Entrance Ticket,not on rate sheet,0,0,25,25,25,25,25,25,25,25,25,25,25,25,25,25,25,25,25,28,28,28,28,30,30,30,30,30,30,25
1092,830,15629,Select Tour: Canterbury Cathedral Entrance Ticket,not on rate sheet,0,0,25,25,25,25,25,25,25,25,25,25,25,25,25,25,25,25,25,28,28,28,28,30,30,30,30,30,30,25
1086,830,15602,Select Tour: Stonehenge Entrance Ticket,not on rate sheet,0,0,25,25,25,25,25,25,25,25,25,25,25,25,25,25,25,25,25,28,28,28,28,30,30,30,30,30,30,25
1080,830,15608,Select Tour: Windsor Castle & Stonehenge Entrance Tickets,not on rate sheet,0,0,25,25,25,25,25,25,25,25,25,25,25,25,25,25,25,25,25,28,28,28,28,30,30,30,30,30,30,25
1074,830,15596,Select Tour: Windsor Castle Entrance Ticket,not on rate sheet,0,0,25,25,25,25,25,25,25,25,25,25,25,25,25,25,25,25,25,28,28,28,28,30,30,30,30,30,30,25
247,830,13880,Spy & Espionage Small Group Tour,not on rate sheet,0,0,25,25,25,25,25,25,25,25,25,25,25,25,25,25,25,25,25,28,28,28,28,30,30,30,30,30,30,25
307,830,15566,Stonehenge & Bath including Roman Baths,15566,0,0,25,25,25,25,25,25,25,25,25,25,25,25,25,25,25,25,25,28,28,28,28,30,30,30,30,30,30,25
1433,830,23637,Stonehenge & Bath Private Tour,14102,0,0,20,20,20,20,20,20,20,20,20,20,20,20,20,20,20,20,20,20,20,20,20,20,20,20,20,20,20,20
1475,830,23623,Stonehenge & Bath Private tour with Driver-Guide,23623,0,0,20,20,20,20,20,20,20,20,20,20,20,20,20,20,20,20,20,20,20,20,20,20,20,20,20,20,20,20
718,830,14102,Stonehenge & Bath Private tour with separate Tour Guide,14102,0,0,20,20,20,20,20,20,20,20,20,20,20,20,20,20,20,20,20,20,20,20,20,20,20,20,20,20,20,20
295,830,13904,Stonehenge & Bath with Bridgerton Walking Tour,13904,0,0,25,25,25,25,25,25,25,25,25,25,25,25,25,25,25,25,25,28,28,28,28,30,30,30,30,30,30,25
1718,830,18837,Stonehenge & Bath with Roman Baths or Bridgerton Walking Tour,13904,0,0,25,25,25,25,25,25,25,25,25,25,25,25,25,25,25,25,25,28,28,28,28,30,30,30,30,30,30,25
2749,830,70902,Stonehenge & Windsor - Stonehenge & Windsor Castle entry,70902,0,0,25,25,25,25,25,25,25,25,25,25,25,25,25,25,25,25,25,28,28,28,28,30,30,30,30,30,30,25
2751,830,70893,Stonehenge & Windsor - Stonehenge entry only,70893,0,0,25,25,25,25,25,25,25,25,25,25,25,25,25,25,25,25,25,28,28,28,28,30,30,30,30,30,30,25
14,830,15728,Stonehenge Express,13916,0,0,25,25,25,25,25,25,25,25,25,25,25,25,25,25,25,25,25,28,28,28,28,30,30,30,30,30,30,25
253,830,13916,Stonehenge Express,13916,0,0,25,25,25,25,25,25,25,25,25,25,25,25,25,25,25,25,25,28,28,28,28,30,30,30,30,30,30,25
15,830,15773,Stonehenge 'Inner Circle Access' & Windsor,13955,0,0,25,25,25,25,25,25,25,25,25,25,25,25,25,25,25,25,25,28,28,28,28,30,30,30,30,30,30,25
2472,830,57036,Stonehenge INNER CIRCLE ACCESS & Windsor - with Castle entry (Early),57036,0,0,25,25,25,25,25,25,25,25,25,25,25,25,25,25,25,25,25,28,28,28,28,30,30,30,30,30,30,25
2460,830,57039,Stonehenge INNER CIRCLE ACCESS & Windsor - with Castle entry (Late),57039,0,0,25,25,25,25,25,25,25,25,25,25,25,25,25,25,25,25,25,28,28,28,28,30,30,30,30,30,30,25
385,830,13955,Stonehenge INNER CIRCLE ACCESS & Windsor (Early),13955,0,0,25,25,25,25,25,25,25,25,25,25,25,25,25,25,25,25,25,28,28,28,28,30,30,30,30,30,30,25
397,830,13961,Stonehenge INNER CIRCLE ACCESS & Windsor (Late),13961,0,0,25,25,25,25,25,25,25,25,25,25,25,25,25,25,25,25,25,28,28,28,28,30,30,30,30,30,30,25
474,830,13997,The Lake District - Day Tour from London with Cream Tea & Cruise (Standard Class),13997,0,0,20,20,20,20,20,20,20,20,20,20,20,20,20,20,20,20,20,20,20,20,20,20,20,20,20,20,20,20
44,830,15098,The Lake District - Overnight Tour from London with Cream Tea & Cruise (Standard Class),15098,0,0,20,20,20,20,20,20,20,20,20,20,20,20,20,20,20,20,20,20,20,20,20,20,20,20,20,20,20,20
1111,830,18846,The Lake District - Rail Tour from London with Cream Tea and Cruise,15098,0,0,20,20,20,20,20,20,20,20,20,20,20,20,20,20,20,20,20,20,20,20,20,20,20,20,20,20,20,20
1670,830,22886,Villages of The Cotswolds Small Group tour,22886,0,0,25,25,25,25,25,25,25,25,25,25,25,25,25,25,25,25,25,28,28,28,28,30,30,30,30,30,30,25
1717,830,22888,Villages of The Cotswolds Small Group Tour,22888,0,0,25,25,25,25,25,25,25,25,25,25,25,25,25,25,25,25,25,28,28,28,28,30,30,30,30,30,30,25
2740,830,71743,Warner Bros. Studio Tour - The Making of Harry Potter from Birmingham (First Class),71743,0,0,25,25,25,25,25,25,25,25,25,25,25,25,25,25,25,25,25,25,25,25,25,25,25,25,25,25,25,25
2746,830,71740,Warner Bros. Studio Tour - The Making of Harry Potter from Birmingham (Standard Class),71740,0,0,25,25,25,25,25,25,25,25,25,25,25,25,25,25,25,25,25,25,25,25,25,25,25,25,25,25,25,25
2743,830,71742,Warner Bros. Studio Tour - The Making of Harry Potter from Birmingham (Standard Premium Class),71742,0,0,25,25,25,25,25,25,25,25,25,25,25,25,25,25,25,25,25,25,25,25,25,25,25,25,25,25,25,25
241,830,13850,Wartime London Small Group Experience,Not on rate sheet,0,0,25,25,25,25,25,25,25,25,25,25,25,25,25,25,25,25,25,28,28,28,28,30,30,30,30,30,30,25
1664,830,17675,Wartime London with Spy & Espionage Small Group Experience,Not on rate sheet,0,0,25,25,25,25,25,25,25,25,25,25,25,25,25,25,25,25,25,28,28,28,28,30,30,30,30,30,30,25
424,830,13991,Warwick Castle by Rail,13991,0,0,20,20,20,20,20,20,20,20,20,20,20,20,20,20,20,20,20,20,20,20,20,20,20,20,20,20,20,20
1494,830,15761,"Warwick Castle, Shakespeareâ€™s Birthplace & Oxford",14057,0,0,25,25,25,25,25,25,25,25,25,25,25,25,25,25,25,25,25,28,28,28,28,30,30,30,30,30,30,25
2285,830,46093,"Warwick Castle, Shakespeareâ€™s Birthplace & Oxford",15599,0,0,25,25,25,25,25,25,25,25,25,25,25,25,25,25,25,25,25,28,28,28,28,30,30,30,30,30,30,25
343,830,15599,"Warwick Castle, Shakespeare's Birthplace & Oxford",15599,0,0,25,25,25,25,25,25,25,25,25,25,25,25,25,25,25,25,25,28,28,28,28,30,30,30,30,30,30,25
337,830,13949,"Warwick Castle, Shakespeare's Birthplace & Oxford - excluding entrances",13949,0,0,25,25,25,25,25,25,25,25,25,25,25,25,25,25,25,25,25,28,28,28,28,30,30,30,30,30,30,25
670,830,15641,"Warwick Castle, Shakespeare's Birthplace & Oxford (Portuguese)",15599,0,0,25,25,25,25,25,25,25,25,25,25,25,25,25,25,25,25,25,28,28,28,28,30,30,30,30,30,30,25
664,830,14063,"Warwick Castle, Shakespeare's Birthplace & Oxford (Portuguese) - excluding entrances",13949,0,0,25,25,25,25,25,25,25,25,25,25,25,25,25,25,25,25,25,28,28,28,28,30,30,30,30,30,30,25
652,830,15638,"Warwick Castle, Shakespeare's Birthplace & Oxford (Spanish)",15599,0,0,25,25,25,25,25,25,25,25,25,25,25,25,25,25,25,25,25,28,28,28,28,30,30,30,30,30,30,25
646,830,14057,"Warwick Castle, Shakespeare's Birthplace & Oxford (Spanish) - excluding entrances",13949,0,0,25,25,25,25,25,25,25,25,25,25,25,25,25,25,25,25,25,28,28,28,28,30,30,30,30,30,30,25
1492,830,15758,"Windsor Castle, Stonehenge & Bath",22578,0,0,25,25,25,25,25,25,25,25,25,25,25,25,25,25,25,25,25,28,28,28,28,30,30,30,30,30,30,25
2182,830,41830,"Windsor Castle, Stonehenge & Bath",13829,0,0,25,25,25,25,25,25,25,25,25,25,25,25,25,25,25,25,25,28,28,28,28,30,30,30,30,30,30,25
2283,830,45957,"Windsor Castle, Stonehenge & Bath",13829,0,0,25,25,25,25,25,25,25,25,25,25,25,25,25,25,25,25,25,28,28,28,28,30,30,30,30,30,30,25
277,830,13931,"Windsor Castle, Stonehenge & Bath - excluding Roman Baths",13931,0,0,25,25,25,25,25,25,25,25,25,25,25,25,25,25,25,25,25,28,28,28,28,30,30,30,30,30,30,25
265,830,13928,"Windsor Castle, Stonehenge & Bath - including all entry tickets",13928,0,0,25,25,25,25,25,25,25,25,25,25,25,25,25,25,25,25,25,28,28,28,28,30,30,30,30,30,30,25
1682,830,14048,"Windsor Castle, Stonehenge & Bath (French) - excluding Roman Baths",13931,0,0,25,25,25,25,25,25,25,25,25,25,25,25,25,25,25,25,25,28,28,28,28,30,30,30,30,30,30,25
592,830,14042,"Windsor Castle, Stonehenge & Bath (French) - including all entry tickets",13928,0,0,25,25,25,25,25,25,25,25,25,25,25,25,25,25,25,25,25,28,28,28,28,30,30,30,30,30,30,25
556,830,14039,"Windsor Castle, Stonehenge & Bath (Japanese) - excluding Roman Baths",13931,0,0,25,25,25,25,25,25,25,25,25,25,25,25,25,25,25,25,25,28,28,28,28,30,30,30,30,30,30,25
544,830,14027,"Windsor Castle, Stonehenge & Bath (Japanese) - including all entry tickets",13928,0,0,25,25,25,25,25,25,25,25,25,25,25,25,25,25,25,25,25,28,28,28,28,30,30,30,30,30,30,25
616,830,14060,"Windsor Castle, Stonehenge & Bath (Portuguese) - excluding Roman Baths",13931,0,0,25,25,25,25,25,25,25,25,25,25,25,25,25,25,25,25,25,28,28,28,28,30,30,30,30,30,30,25
604,830,14054,"Windsor Castle, Stonehenge & Bath (Portuguese) - including all entry tickets",13928,0,0,25,25,25,25,25,25,25,25,25,25,25,25,25,25,25,25,25,28,28,28,28,30,30,30,30,30,30,25
580,830,14036,"Windsor Castle, Stonehenge & Bath (Spanish) - excluding Roman Baths",13931,0,0,25,25,25,25,25,25,25,25,25,25,25,25,25,25,25,25,25,28,28,28,28,30,30,30,30,30,30,25
568,830,14033,"Windsor Castle, Stonehenge & Bath (Spanish) - including all entry tickets",13928,0,0,25,25,25,25,25,25,25,25,25,25,25,25,25,25,25,25,25,28,28,28,28,30,30,30,30,30,30,25
2286,830,46095,"Windsor Castle, Stonehenge & Oxford",22584,0,0,25,25,25,25,25,25,25,25,25,25,25,25,25,25,25,25,25,28,28,28,28,30,30,30,30,30,30,25
373,830,15605,"Windsor Castle, Stonehenge & Oxford - including all entrances",15605,0,0,25,25,25,25,25,25,25,25,25,25,25,25,25,25,25,25,25,28,28,28,28,30,30,30,30,30,30,25
688,830,15650,"Windsor Castle, Stonehenge & Oxford (Japanese) - including all entrances",15605,0,0,25,25,25,25,25,25,25,25,25,25,25,25,25,25,25,25,25,28,28,28,28,30,30,30,30,30,30,25
706,830,15653,"Windsor Castle, Stonehenge & Oxford (Spanish) - including all entrances",15605,0,0,25,25,25,25,25,25,25,25,25,25,25,25,25,25,25,25,25,28,28,28,28,30,30,30,30,30,30,25
1165,830,22624,"Windsor, Stonehenge & Bath (French) â€“ Stonehenge entry only",22578,0,0,25,25,25,25,25,25,25,25,25,25,25,25,25,25,25,25,25,28,28,28,28,30,30,30,30,30,30,25
1141,830,22618,"Windsor, Stonehenge & Bath (Japanese) â€“ Stonehenge entry only",22578,0,0,25,25,25,25,25,25,25,25,25,25,25,25,25,25,25,25,25,28,28,28,28,30,30,30,30,30,30,25
1177,830,22625,"Windsor, Stonehenge & Bath (Portuguese) â€“ Stonehenge entry only",22578,0,0,25,25,25,25,25,25,25,25,25,25,25,25,25,25,25,25,25,28,28,28,28,30,30,30,30,30,30,25
1153,830,22622,"Windsor, Stonehenge & Bath (Spanish) â€“ Stonehenge entry only",22578,0,0,25,25,25,25,25,25,25,25,25,25,25,25,25,25,25,25,25,28,28,28,28,30,30,30,30,30,30,25
1213,830,22578,"Windsor, Stonehenge & Bath â€“ Stonehenge entry only",22578,0,0,25,25,25,25,25,25,25,25,25,25,25,25,25,25,25,25,25,28,28,28,28,30,30,30,30,30,30,25
1432,830,23636,"Windsor, Stonehenge & Bath Private tour",23636,0,0,20,20,20,20,20,20,20,20,20,20,20,20,20,20,20,20,20,20,20,20,20,20,20,20,20,20,20,20
1467,830,23624,"Windsor, Stonehenge & Bath Private tour with Driver-Guide",Not on rate sheet,0,0,20,20,20,20,20,20,20,20,20,20,20,20,20,20,20,20,20,20,20,20,20,20,20,20,20,20,20,20
726,830,14108,"Windsor, Stonehenge & Bath Private tour with separate Tour Guide",Not on rate sheet,0,0,20,20,20,20,20,20,20,20,20,20,20,20,20,20,20,20,20,20,20,20,20,20,20,20,20,20,20,20
1493,830,19086,"Windsor, Stonehenge & Oxford",13958,0,0,25,25,25,25,25,25,25,25,25,25,25,25,25,25,25,25,25,28,28,28,28,30,30,30,30,30,30,25
367,830,13958,"Windsor, Stonehenge & Oxford - excluding entrances",13958,0,0,25,25,25,25,25,25,25,25,25,25,25,25,25,25,25,25,25,28,28,28,28,30,30,30,30,30,30,25
682,830,15365,"Windsor, Stonehenge & Oxford (Japanese) - excluding entrances",13958,0,0,25,25,25,25,25,25,25,25,25,25,25,25,25,25,25,25,25,28,28,28,28,30,30,30,30,30,30,25
1189,830,22634,"Windsor, Stonehenge & Oxford (Japanese) â€“ Stonehenge entry only",22584,0,0,25,25,25,25,25,25,25,25,25,25,25,25,25,25,25,25,25,28,28,28,28,30,30,30,30,30,30,25
700,830,15368,"Windsor, Stonehenge & Oxford (Spanish) - excluding entrances",13958,0,0,25,25,25,25,25,25,25,25,25,25,25,25,25,25,25,25,25,28,28,28,28,30,30,30,30,30,30,25
1201,830,22636,"Windsor, Stonehenge & Oxford (Spanish) â€“ Stonehenge entry only",22584,0,0,25,25,25,25,25,25,25,25,25,25,25,25,25,25,25,25,25,28,28,28,28,30,30,30,30,30,30,25
1225,830,22584,"Windsor, Stonehenge & Oxford â€“ Stonehenge entry only",22584,0,0,25,25,25,25,25,25,25,25,25,25,25,25,25,25,25,25,25,28,28,28,28,30,30,30,30,30,30,25
1458,830,23640,"Windsor, Stonehenge & Oxford Private tour",23622,0,0,20,20,20,20,20,20,20,20,20,20,20,20,20,20,20,20,20,20,20,20,20,20,20,20,20,20,20,20
1459,830,23622,"Windsor, Stonehenge & Oxford Private tour with Driver-Guide",23622,0,0,20,20,20,20,20,20,20,20,20,20,20,20,20,20,20,20,20,20,20,20,20,20,20,20,20,20,20,20
105,830,14099,"Windsor, Stonehenge & Oxford Private tour with separate Tour Guide",14099,0,0,20,20,20,20,20,20,20,20,20,20,20,20,20,20,20,20,20,20,20,20,20,20,20,20,20,20,20,20
2258,830,26690,York by Rail Tour from London,23513,0,0,20,20,20,20,20,20,20,20,20,20,20,20,20,20,20,20,20,20,20,20,20,20,20,20,20,20,20,20
1778,830,23513,York Day Rail Tour from London - First Class,23513,0,0,20,20,20,20,20,20,20,20,20,20,20,20,20,20,20,20,20,20,20,20,20,20,20,20,20,20,20,20
1776,830,23512,York Day Rail Tour from London - standard class,23512,0,0,20,20,20,20,20,20,20,20,20,20,20,20,20,20,20,20,20,20,20,20,20,20,20,20,20,20,20,20
1786,830,23523,York Overnight Rail Tour from London - First Class,23523,0,0,20,20,20,20,20,20,20,20,20,20,20,20,20,20,20,20,20,20,20,20,20,20,20,20,20,20,20,20
1780,830,23515,York Overnight Rail Tour from London - standard class,23515,0,0,20,20,20,20,20,20,20,20,20,20,20,20,20,20,20,20,20,20,20,20,20,20,20,20,20,20,20,20
Added from Ledgers AREA,,71881,Royal Windsor & Eton Riverside Private Tour,,0,0,20,20,20,20,20,20,20,20,20,20,20,20,20,20,20,20,20,20,20,20,20,20,20,20,20,20,20,20
Added from Ledgers AREA,,71882,"Leeds Castle, Canterbury Cathedral & Dover Private Tour",,0,0,20,20,20,20,20,20,20,20,20,20,20,20,20,20,20,20,20,20,20,20,20,20,20,20,20,20,20,20
Added from Ledgers AREA,,71883,Bath & Cotswold Village Private Tour,,0,0,20,20,20,20,20,20,20,20,20,20,20,20,20,20,20,20,20,20,20,20,20,20,20,20,20,20,20,20
Added from Ledgers AREA,,71884,Royal Windsor & Stonehenge Private Tour,,0,0,20,20,20,20,20,20,20,20,20,20,20,20,20,20,20,20,20,20,20,20,20,20,20,20,20,20,20,20
Added from Ledgers AREA,,72091,North Wales Rail Tour from London (standard class),,0,0,20,20,20,20,20,20,20,20,20,20,20,20,20,20,20,20,20,20,20,20,20,20,20,20,20,20,20,20
Added from Ledgers AREA,,72121,North Wales Rail Tour from London (First Class),,0,0,20,20,20,20,20,20,20,20,20,20,20,20,20,20,20,20,20,20,20,20,20,20,20,20,20,20,20,20
Added from Ledgers AREA,,72122,North Wales Rail Tour from London,,0,0,20,20,20,20,20,20,20,20,20,20,20,20,20,20,20,20,20,20,20,20,20,20,20,20,20,20,20,20
,,25037,Loch Ness Explorer Day Tour from Edinburgh with picnic lunch,,0,0,25,25,25,25,25,25,25,25,25,25,25,25,25,25,25,25,25,25,25,25,25,25,25,25,25,25,25,30
,,40616,Loch Ness Explorer Day Tour from Edinburgh with picnic lunch and cruise,,0,0,25,25,25,25,25,25,25,25,25,25,25,25,25,25,25,25,25,25,25,25,25,25,25,25,25,25,25,30
,,25039,"The Kelpies, Stirling Castle & Loch Lomond Day Tour from Edinburgh",,0,0,25,25,25,25,25,25,25,25,25,25,25,25,25,25,25,25,25,25,25,25,25,25,25,25,25,25,25,30
,,40628,Loch Lomond and the Kelpies Day Tour from Edinburgh with Stirling Castle entry ,,0,0,25,25,25,25,25,25,25,25,25,25,25,25,25,25,25,25,25,25,25,25,25,25,25,25,25,25,25,30
,,25041,Whisky and Waterfalls Day Tour from Edinburgh,,0,0,25,25,25,25,25,25,25,25,25,25,25,25,25,25,25,25,25,25,25,25,25,25,25,25,25,25,25,30
,,40640,Whisky and Waterfalls Day Tour from Edinburgh including distillery entry ,,0,0,25,25,25,25,25,25,25,25,25,25,25,25,25,25,25,25,25,25,25,25,25,25,25,25,25,25,25,30
,,25044,Alnwick Castle Day Tour from Edinburgh,,0,0,25,25,25,25,25,25,25,25,25,25,25,25,25,25,25,25,25,25,25,25,25,25,25,25,25,25,25,30
,,40642,Alnwick Castle Day Tour from Edinburgh with Castle entry,,0,0,25,25,25,25,25,25,25,25,25,25,25,25,25,25,25,25,25,25,25,25,25,25,25,25,25,25,25,30
,,25045,Outlander Film Locations Day Tour from Edinburgh,,0,0,25,25,25,25,25,25,25,25,25,25,25,25,25,25,25,25,25,25,25,25,25,25,25,25,25,25,25,30
,,40652,Outlander Film Locations Day Tour from Edinburgh with  Doune Castle entry,,0,0,25,25,25,25,25,25,25,25,25,25,25,25,25,25,25,25,25,25,25,25,25,25,25,25,25,25,25,30
,,25048,Edinburgh Military Tattoo Day Tour from Edinburgh,,0,0,25,25,25,25,25,25,25,25,25,25,25,25,25,25,25,25,25,25,25,25,25,25,25,25,25,25,25,30
,,25049,Highland Games Day Tour from Edinburgh,,0,0,25,25,25,25,25,25,25,25,25,25,25,25,25,25,25,25,25,25,25,25,25,25,25,25,25,25,25,30
,,25050,Scottish Highlands & Jacobite Steam Train Day Tour from Edinburgh,,0,0,25,25,25,25,25,25,25,25,25,25,25,25,25,25,25,25,25,25,25,25,25,25,25,25,25,25,25,30
,,25788,"Isle of Skye, The Highlands & Jacobite Steam Train - 3 Day Tour from Edinburgh (B&B Twin)",,0,0,25,25,25,25,25,25,25,25,25,25,25,25,25,25,25,25,25,25,25,25,25,25,25,25,25,25,25,20
,,25840,"Isle of Skye, Inverness & Jacobite Steam Train - 5 Day Tour from Edinburgh (B&B Twin)",,0,0,25,25,25,25,25,25,25,25,25,25,25,25,25,25,25,25,25,25,25,25,25,25,25,25,25,25,25,20
,,25848,"Isle of Skye, Outer Hebrides & Jacobite Steam Train - 6 Day Tour from Edinburgh (B&B Twin Room)",,0,0,25,25,25,25,25,25,25,25,25,25,25,25,25,25,25,25,25,25,25,25,25,25,25,25,25,25,25,20
,,26591,"Loch Ness Cruise, Urquhart Castle & Outlander Day Tour from Inverness",,0,0,25,25,25,25,25,25,25,25,25,25,25,25,25,25,25,25,25,25,25,25,25,25,25,25,25,25,25,25
,,26483,Harry Potter Train & Scenic Highlands Day Tour from Inverness,,0,0,25,25,25,25,25,25,25,25,25,25,25,25,25,25,25,25,25,25,25,25,25,25,25,25,25,25,25,25
,,26460,Isle of Skye & Eilean Donan Castle Day Tour from Inverness,,0,0,25,25,25,25,25,25,25,25,25,25,25,25,25,25,25,25,25,25,25,25,25,25,25,25,25,25,25,25
,,46149,"Moray Coast, Wildlife & Speyside Whisky Explorer Day Tour from Inverness",,0,0,25,25,25,25,25,25,25,25,25,25,25,25,25,25,25,25,25,25,25,25,25,25,25,25,25,25,25,25
,,72244,GENERIC: North Wales Rail Tour from London,,0,0,20,20,20,20,20,20,20,20,20,20,20,20,20,20,20,20,20,20,20,20,20,20,20,20,20,20,20,20
,,72532,GBP : Blenheim Palace & Gardens (10 +) Invoice only,,0,0,0,0,0,0,0,0,0,0,0,0,0,0,0,0,0,0,0,0,0,0,0,0,0,0,0,0,0,0
,,72616,Generic: Stonehenge & Windsor tour,,0,0,25,25,25,25,25,25,25,25,25,25,25,25,25,25,25,25,25,28,28,28,28,30,30,30,30,30,30,30
,,73023,Harry Potter Film Locations of Lacock & The Cotswolds - Small Group Tour,,0,0,25,25,25,25,25,25,25,25,25,25,25,25,25,25,25,25,25,28,28,28,28,30,30,30,30,30,30,30
,,73484,"Windsor, Stonehenge & Bath (English)",,0,0,25,25,25,25,25,25,25,25,25,25,25,25,25,25,25,25,25,28,28,28,28,30,30,30,30,30,30,30
,,73528,"Windsor, Stonehenge & Oxford (English)",,0,0,25,25,25,25,25,25,25,25,25,25,25,25,25,25,25,25,25,28,28,28,28,30,30,30,30,30,30,30
,,73529,"Warwick Castle, Shakespeare’s Birthplace & Oxford (English)",,0,0,25,25,25,25,25,25,25,25,25,25,25,25,25,25,25,25,25,28,28,28,28,30,30,30,30,30,30,30
,,73825,The North York Moors with Steam Train (NYM Railway) to Whitby (Standard Class),,0,0,20,20,20,20,20,20,20,20,20,20,20,20,20,20,20,20,20,20,20,20,20,20,20,20,20,20,20,20
,,73911,The North York Moors with Steam Train (NYM Railway) to Whitby (First Class),,0,0,20,20,20,20,20,20,20,20,20,20,20,20,20,20,20,20,20,20,20,20,20,20,20,20,20,20,20,20
,,73913,The North York Moors with Steam Train (NYM Railway) to Whitby,,0,0,20,20,20,20,20,20,20,20,20,20,20,20,20,20,20,20,20,20,20,20,20,20,20,20,20,20,20,20
,,74388,Generic: The North York Moors with Steam Train,,0,0,20,20,20,20,20,20,20,20,20,20,20,20,20,20,20,20,20,20,20,20,20,20,20,20,20,20,20,20
,,74762,"Rochester, Dover Castle and the White Cliffs",,0,0,25,25,25,25,25,25,25,25,25,25,25,25,25,25,25,25,25,28,28,28,28,30,30,30,30,30,30,30
,,74769,Manchester City FC Stadium Tour & National Football Museum Tour from London - standard class,,0,0,20,20,20,20,20,20,20,20,20,20,20,20,20,20,20,20,20,20,20,20,20,20,20,20,20,20,20,20
,,74770,Manchester City FC Stadium Tour & National Football Museum Tour from London - First Class,,0,0,20,20,20,20,20,20,20,20,20,20,20,20,20,20,20,20,20,20,20,20,20,20,20,20,20,20,20,20
,,74772,Generic: Manchester City FC Rail,,0,0,20,20,20,20,20,20,20,20,20,20,20,20,20,20,20,20,20,20,20,20,20,20,20,20,20,20,20,20
,,74773,Manchester City FC Stadium Tour & National Football Museum Tour from London,,0,0,20,20,20,20,20,20,20,20,20,20,20,20,20,20,20,20,20,20,20,20,20,20,20,20,20,20,20,20
,,74965,The Cotswolds with Rothschild Wine Tasting Experience - Small Group Tour,,0,0,25,25,25,25,25,25,25,25,25,25,25,25,25,25,25,25,25,28,28,28,28,30,30,30,30,30,30,30
,,75211,Churchill War Rooms Behind The Glass and Churchill Walking Tour,,0,0,10,10,10,10,10,10,10,10,10,10,10,10,10,10,10,10,10,10,10,10,10,10,10,10,10,10,10,10
,,76544,Select Tour: Windsor Castle Entrance Ticket (WSB),,0,0,10,10,10,10,10,10,10,10,10,10,10,10,10,10,10,10,10,10,10,10,10,10,10,10,10,10,10,10
,,76545,Select Tour: Windsor Castle Entrance Ticket (Inner Circle),,0,0,10,10,10,10,10,10,10,10,10,10,10,10,10,10,10,10,10,10,10,10,10,10,10,10,10,10,10,10
1072,830,14456,Afternoon Tea at The Milestone,14474,0,0,21,21,21,21,21,21,21,21,21,21,21,21,21,21,21,21,21,25,25,25,25,25,25,25,25,25,25,25
2597,830,59633,Afternoon Tea at The Milestone with Champagne,59633,0,0,21,21,21,21,21,21,21,21,21,21,21,21,21,21,21,21,21,25,25,25,25,25,25,25,25,25,25,25
2608,830,59693,Afternoon Tea at The Milestone with optional Champagne,59633,0,0,21,21,21,21,21,21,21,21,21,21,21,21,21,21,21,21,21,25,25,25,25,25,25,25,25,25,25,25
1076,830,14453,Afternoon Tea at The Rubens At The Palace,14456,0,0,20,20,20,20,20,20,20,20,20,20,20,20,20,20,20,20,20,23,23,23,23,25,22,23,23,25,23,23
1627,830,25362,Afternoon Tea at The Rubens At The Palace with Champagne,25362,0,0,20,20,20,20,20,20,20,20,20,20,20,20,20,20,20,20,20,23,23,23,23,25,22,23,23,23,23,23
1638,830,25520,Afternoon Tea at The Rubens At The Palace with Champagne Option,25362,0,0,20,20,20,20,20,20,20,20,20,20,20,20,20,20,20,20,20,23,23,23,23,23,23,23,23,23,23,23
2354,830,46773,Afternoon Tea at The Rubens At The Palace with Champagne Option,25362,0,0,20,20,20,20,20,20,20,20,20,20,20,20,20,20,20,20,20,23,23,23,23,23,23,23,23,23,23,23
2708,830,65631,Anne Hathaway's Cottage - Group - TTC ONLY !,,0,0,0,0,0,0,0,0,0,0,0,0,0,0,0,0,0,0,0,0,0,0,0,0,0,0,0,0,0,0
2709,830,65631,Anne Hathaway's Cottage - Group - TTC ONLY !,,0,0,0,0,0,0,0,0,0,0,0,0,0,0,0,0,0,0,0,0,0,0,0,0,0,0,0,0,0,0
22,830,15767,ArcelorMittal Orbit,14468,0,0,10,10,10,10,10,10,10,10,10,10,10,10,10,10,10,10,10,10,10,10,10,10,10,10,10,10,10,10
1046,830,14495,Arsenal Emirates Stadium Tour,14495,0,0,18,18,18,18,18,18,18,18,18,18,18,18,18,18,18,18,18,21,21,21,21,21,21,21,21,21,21,21
66,830,16040,Bicester Village  - Chiltern Ticket Books,16040,0,0,20,20,20,20,20,20,20,20,20,20,20,20,20,20,20,20,20,20,20,20,20,20,20,20,20,20,20,20
440,830,13985,Bicester Village Shopping by Train,13985,0,0,20,20,20,20,20,20,20,20,20,20,20,20,20,20,20,20,20,20,20,20,20,20,20,20,20,20,20,20
2838,830,71733,Big Bus London - Christmas Day Discover Ticket (25 December only),71733,0,0,25,25,25,25,25,25,25,25,25,25,25,25,25,25,25,25,25,25,25,25,25,25,25,25,25,25,25,25
2243,830,41672,Big Bus London - Christmas Lights Night Tour,41672,0,0,25,25,25,25,25,25,25,25,25,25,25,25,25,25,25,25,25,25,25,25,25,25,25,25,25,25,25,25
69,830,13817,Big Bus London - Discover Ticket,13817,0,0,25,25,25,25,25,25,25,25,25,25,25,25,25,25,25,25,25,25,25,25,25,25,25,25,25,25,25,25
28,830,13820,Big Bus London - Essential Ticket,13820,0,0,25,25,25,25,25,25,25,25,25,25,25,25,25,25,25,25,25,25,25,25,25,25,25,25,25,25,25,25
31,830,13823,Big Bus London - Explore Ticket,13823,0,0,25,25,25,25,25,25,25,25,25,25,25,25,25,25,25,25,25,25,25,25,25,25,25,25,25,25,25,25
1553,830,15725,Big Bus Tours London hop-on hop-off,13817,0,0,25,25,25,25,25,25,25,25,25,25,25,25,25,25,25,25,25,25,25,25,25,25,25,25,25,25,25,25
2711,830,65623,Blockbuster Film Tour at the Old Royal Naval College (including the Painted Hall),65623,0,0,10,10,10,10,10,10,10,10,10,10,10,10,10,10,10,10,10,10,10,10,10,10,10,10,10,10,10,10
17,830,15770,Buckingham Palace State Rooms,14177,0,0,10,10,10,10,10,10,10,10,10,10,10,10,10,10,10,10,10,12,12,12,12,12,12,12,12,12,12,12
802,830,14177,Buckingham Palace State Rooms,14177,0,0,10,10,10,10,10,10,10,10,10,10,10,10,10,10,10,10,10,12,12,12,12,12,12,12,12,12,12,12
2157,830,40722,Bustronome - Dinner,,0,0,10,10,10,10,10,10,10,10,10,10,10,10,10,10,10,10,10,10,10,10,10,10,10,10,10,10,10,10
2160,830,40728,Bustronome - Dinner,,0,0,10,10,10,10,10,10,10,10,10,10,10,10,10,10,10,10,10,10,10,10,10,10,10,10,10,10,10,10
2159,830,40726,Bustronome - Dinner with wine pairing,,0,0,10,10,10,10,10,10,10,10,10,10,10,10,10,10,10,10,10,10,10,10,10,10,10,10,10,10,10,10
2155,830,40730,Bustronome - Lunch,,0,0,10,10,10,10,10,10,10,10,10,10,10,10,10,10,10,10,10,10,10,10,10,10,10,10,10,10,10,10
2161,830,40734,Bustronome - Lunch,,0,0,10,10,10,10,10,10,10,10,10,10,10,10,10,10,10,10,10,10,10,10,10,10,10,10,10,10,10,10
2153,830,40732,Bustronome - Lunch with wine pairing,,0,0,10,10,10,10,10,10,10,10,10,10,10,10,10,10,10,10,10,10,10,10,10,10,10,10,10,10,10,10
1052,830,14504,Chelsea FC Tour and Museum,14504,0,0,18,18,18,18,18,18,18,18,18,18,18,18,18,18,18,18,18,21,21,21,21,21,21,21,21,21,21,21
1756,830,25219,Chessington World of Adventures,61583,0,0,15,15,15,15,15,15,15,15,15,15,15,15,15,15,15,15,15,15,15,15,15,15,15,15,15,15,15,15
2661,830,61583,Chessington World of Adventures -  Peak,61583,0,0,15,15,15,15,15,15,15,15,15,15,15,15,15,15,15,15,15,15,15,15,15,15,15,15,15,15,15,15
1631,830,25214,Chessington World of Adventures  - Super Off Peak,25214,0,0,15,15,15,15,15,15,15,15,15,15,15,15,15,15,15,15,15,15,15,15,15,15,15,15,15,15,15,15
2713,830,61584,Chessington World of Adventures - Off Peak,61584,0,0,15,15,15,15,15,15,15,15,15,15,15,15,15,15,15,15,15,15,15,15,15,15,15,15,15,15,15,15
773,830,14153,Churchill War Rooms,14153,0,0,5,5,5,5,5,5,5,5,5,5,5,5,5,5,5,5,5,5,5,5,5,5,5,5,5,5,5,5
1152,830,22075,City Cruises - City Cruises 24 HR River Pass - Finance only,,0,0,25,25,25,25,25,25,25,25,25,25,25,25,25,25,25,25,25,25,25,25,25,25,25,25,25,25,25,25
1061,830,14480,City Cruises 24h London River Pass,14486,0,0,25,25,25,25,25,25,25,25,25,25,25,25,25,25,25,25,25,25,25,25,25,25,25,25,25,25,25,25
1758,830,16133,City Cruises Dining Experiences,14486,0,0,15,15,15,15,15,15,15,15,15,15,15,15,15,15,15,15,15,15,15,15,15,15,15,15,15,15,15,15
1096,830,14492,City Cruises Dining Experiences - London Afternoon Tea Cruise,14492,0,0,15,15,15,15,15,15,15,15,15,15,15,15,15,15,15,15,15,15,15,15,15,15,15,15,15,15,15,15
1058,830,14486,City Cruises Dining Experiences - London Dinner Cruise,14513,0,0,15,15,15,15,15,15,15,15,15,15,15,15,15,15,15,15,15,15,15,15,15,15,15,15,15,15,15,15
1098,830,14489,City Cruises Dining Experiences - London Evening Cruise,14489,0,0,15,15,15,15,15,15,15,15,15,15,15,15,15,15,15,15,15,15,15,15,15,15,15,15,15,15,15,15
1091,830,14498,City Cruises Dining Experiences - London Lunch Cruise,14498,0,0,15,15,15,15,15,15,15,15,15,15,15,15,15,15,15,15,15,15,15,15,15,15,15,15,15,15,15,15
2247,830,41932,City Cruises London - Christmas Day Lunch Cruise,41932,0,0,15,15,15,15,15,15,15,15,15,15,15,15,15,15,15,15,15,15,15,15,15,15,15,15,15,15,15,15
2826,830,69480,City Cruises London - Christmas Day Sightseeing Cruise,69480,0,0,15,15,15,15,15,15,15,15,15,15,15,15,15,15,15,15,15,15,15,15,15,15,15,15,15,15,15,15
2822,830,69492,City Cruises London - Christmas Dinner Party Cruise,69492,0,0,15,15,15,15,15,15,15,15,15,15,15,15,15,15,15,15,15,15,15,15,15,15,15,15,15,15,15,15
2823,830,69490,City Cruises London - Christmas Lunch Party Cruise,69490,0,0,15,15,15,15,15,15,15,15,15,15,15,15,15,15,15,15,15,15,15,15,15,15,15,15,15,15,15,15
2831,830,69499,City Cruises London - NYE Celestial Cruise,69499,0,0,15,15,15,15,15,15,15,15,15,15,15,15,15,15,15,15,15,15,15,15,15,15,15,15,15,15,15,15
2829,830,69501,City Cruises London - NYE Dinner Cruise,69501,0,0,15,15,15,15,15,15,15,15,15,15,15,15,15,15,15,15,15,15,15,15,15,15,15,15,15,15,15,15
2835,830,69503,City Cruises London - NYE Gala Dinner Cruise,69503,0,0,15,15,15,15,15,15,15,15,15,15,15,15,15,15,15,15,15,15,15,15,15,15,15,15,15,15,15,15
2827,830,69497,City Cruises London - NYE Galaxy Cruise,69497,0,0,15,15,15,15,15,15,15,15,15,15,15,15,15,15,15,15,15,15,15,15,15,15,15,15,15,15,15,15
2833,830,69494,City Cruises London - NYE Stargazer Cruise,69494,0,0,15,15,15,15,15,15,15,15,15,15,15,15,15,15,15,15,15,15,15,15,15,15,15,15,15,15,15,15
987,830,14363,"Cutty Sark, Greenwich",14363,0,0,15,15,15,15,15,15,15,15,15,15,15,15,15,15,15,15,15,20,20,20,20,20,20,20,20,20,20,20
2371,830,49505,DELP / TD London Eye Fast Track Peak (TTC only) ,,0,0,0,0,0,0,0,0,0,0,0,0,0,0,0,0,0,0,0,0,0,0,0,0,0,0,0,0,0,0
2404,830,50895,DELP /TD  London Eye - Standard Experience Super Peak rates,,0,0,0,0,0,0,0,0,0,0,0,0,0,0,0,0,0,0,0,0,0,0,0,0,0,0,0,0,0,0
2349,830,46339,DELP City Cruises (mini red rover) paper ticket,,0,0,0,0,0,0,0,0,0,0,0,0,0,0,0,0,0,0,0,0,0,0,0,0,0,0,0,0,0,0
2350,830,46339,DELP City Cruises (mini red rover) paper ticket,,0,0,0,0,0,0,0,0,0,0,0,0,0,0,0,0,0,0,0,0,0,0,0,0,0,0,0,0,0,0
2811,830,70250,Direct from Graceland: Elvis,70250,0,0,0,0,0,0,0,0,0,0,0,0,0,0,0,0,0,0,0,0,0,0,0,0,0,0,0,0,0,0
19,830,15743,DreamWorks Tours: Shrekâ€™s Adventure! London,14426,0,0,15,15,15,15,15,15,15,15,15,15,15,15,15,15,15,15,15,15,15,15,15,15,15,15,15,15,15,15
1100,830,18615,GBPG: Blenheim Palace,,0,0,0,0,0,0,0,0,0,0,0,0,0,0,0,0,0,0,0,0,0,0,0,0,0,0,0,0,0,0
1822,830,16559,GBPG: Blenheim Palace & Gardens,,0,0,0,0,0,0,0,0,0,0,0,0,0,0,0,0,0,0,0,0,0,0,0,0,0,0,0,0,0,0
73,830,16949,GCH: Christ Church College,,0,0,0,0,0,0,0,0,0,0,0,0,0,0,0,0,0,0,0,0,0,0,0,0,0,0,0,0,0,0
2716,830,66162,GLD:  London Dungeon Group (10+) for TTC only ,,0,0,0,0,0,0,0,0,0,0,0,0,0,0,0,0,0,0,0,0,0,0,0,0,0,0,0,0,0,0
2717,830,66162,GLD:  London Dungeon Group (10+) for TTC only ,,0,0,0,0,0,0,0,0,0,0,0,0,0,0,0,0,0,0,0,0,0,0,0,0,0,0,0,0,0,0
2691,830,51217,GLE: London Eye - Private Capsule (TTC only),,0,0,0,0,0,0,0,0,0,0,0,0,0,0,0,0,0,0,0,0,0,0,0,0,0,0,0,0,0,0
2357,830,47259,GLE: London Eye Group- Standard  (10 or more),,0,0,0,0,0,0,0,0,0,0,0,0,0,0,0,0,0,0,0,0,0,0,0,0,0,0,0,0,0,0
2358,830,47259,GLE: London Eye Group- Standard  (10 or more),,0,0,0,0,0,0,0,0,0,0,0,0,0,0,0,0,0,0,0,0,0,0,0,0,0,0,0,0,0,0
1086,830,16907,GLER: London Eye - Standard River Cruise Experience (10 or more),,0,0,0,0,0,0,0,0,0,0,0,0,0,0,0,0,0,0,0,0,0,0,0,0,0,0,0,0,0,0
1088,830,16895,GMT: Madame Tussauds (Groups 10+),,0,0,0,0,0,0,0,0,0,0,0,0,0,0,0,0,0,0,0,0,0,0,0,0,0,0,0,0,0,0
2409,830,51757,GRB : Group Roman Baths -Peak (Apr - June & Sep-Oct ),,0,0,0,0,0,0,0,0,0,0,0,0,0,0,0,0,0,0,0,0,0,0,0,0,0,0,0,0,0,0
2412,830,51760,GRBO : Group Roman Baths -Off peak -Jan - Mar & Nov - Dec,,0,0,0,0,0,0,0,0,0,0,0,0,0,0,0,0,0,0,0,0,0,0,0,0,0,0,0,0,0,0
2413,830,51760,GRBO : Group Roman Baths -Off peak -Jan - Mar & Nov - Dec,,0,0,0,0,0,0,0,0,0,0,0,0,0,0,0,0,0,0,0,0,0,0,0,0,0,0,0,0,0,0
70,830,16847,GRBP: Group Roman Baths - Super Peak - July-Aug,,0,0,0,0,0,0,0,0,0,0,0,0,0,0,0,0,0,0,0,0,0,0,0,0,0,0,0,0,0,0
71,830,16847,GRBP: Group Roman Baths - Super Peak - July-Aug,,0,0,0,0,0,0,0,0,0,0,0,0,0,0,0,0,0,0,0,0,0,0,0,0,0,0,0,0,0,0
1081,830,16961,GSHA: The View from the Shard - Champagne Experience (10 or more),,0,0,0,0,0,0,0,0,0,0,0,0,0,0,0,0,0,0,0,0,0,0,0,0,0,0,0,0,0,0
76,830,16955,GSHA: The View from the Shard (10 or more),,0,0,0,0,0,0,0,0,0,0,0,0,0,0,0,0,0,0,0,0,0,0,0,0,0,0,0,0,0,0
2378,830,50821,GSTO: Stonehenge (11 or more)  Group Off Peak,,0,0,0,0,0,0,0,0,0,0,0,0,0,0,0,0,0,0,0,0,0,0,0,0,0,0,0,0,0,0
2379,830,50821,GSTO: Stonehenge (11 or more)  Group Off Peak,,0,0,0,0,0,0,0,0,0,0,0,0,0,0,0,0,0,0,0,0,0,0,0,0,0,0,0,0,0,0
2386,830,50823,GSTO: Stonehenge (11 or more)  Group Peak,,0,0,0,0,0,0,0,0,0,0,0,0,0,0,0,0,0,0,0,0,0,0,0,0,0,0,0,0,0,0
2387,830,50823,GSTO: Stonehenge (11 or more)  Group Peak,,0,0,0,0,0,0,0,0,0,0,0,0,0,0,0,0,0,0,0,0,0,0,0,0,0,0,0,0,0,0
1083,830,16964,GWAR: Warwick Castle (10 or more) Group,,0,0,0,0,0,0,0,0,0,0,0,0,0,0,0,0,0,0,0,0,0,0,0,0,0,0,0,0,0,0
1084,830,16964,GWAR: Warwick Castle (10 or more) Group,,0,0,0,0,0,0,0,0,0,0,0,0,0,0,0,0,0,0,0,0,0,0,0,0,0,0,0,0,0,0
2368,830,49439,GWCO - Windsor Castle Off peak  (10+) ,,0,0,0,0,0,0,0,0,0,0,0,0,0,0,0,0,0,0,0,0,0,0,0,0,0,0,0,0,0,0
2369,830,49439,GWCO - Windsor Castle Off peak  (10+) ,,0,0,0,0,0,0,0,0,0,0,0,0,0,0,0,0,0,0,0,0,0,0,0,0,0,0,0,0,0,0
903,830,14228,Hampton Court Palace ,14228,0,0,15,15,15,15,15,15,15,15,15,15,15,15,15,15,15,15,15,20,20,20,20,20,20,20,20,20,20,20
982,830,14357,HMS Belfast,14357,0,0,10,10,10,10,10,10,10,10,10,10,10,10,10,10,10,10,10,15,15,15,15,15,15,15,15,15,15,15
951,830,14336,Kensington Palace,14336,0,0,15,15,15,15,15,15,15,15,15,15,15,15,15,15,15,15,15,20,20,20,20,20,20,20,20,20,20,20
940,830,14231,Kew Gardens,14231,0,0,15,15,15,15,15,15,15,15,15,15,15,15,15,15,15,15,15,20,20,20,20,20,20,20,20,20,20,20
1635,830,25227,Legoland Windsor - One Day Entry (Peak),25227,0,0,10,10,10,10,10,10,10,10,10,10,10,10,10,10,10,10,10,15,15,15,15,15,15,15,15,15,15,15
1633,830,25228,Legoland Windsor - One Day Entry (Super Off Peak),25228,0,0,10,10,10,10,10,10,10,10,10,10,10,10,10,10,10,10,10,15,15,15,15,15,15,15,15,15,15,15
2800,830,69646,Legoland Windsor - Two Day Entry (Off Peak),69646,0,0,10,10,10,10,10,10,10,10,10,10,10,10,10,10,10,10,10,15,15,15,15,15,15,15,15,15,15,15
2802,830,69648,Legoland Windsor - Two Day Entry (Peak),69648,0,0,10,10,10,10,10,10,10,10,10,10,10,10,10,10,10,10,10,15,15,15,15,15,15,15,15,15,15,15
2799,830,69647,Legoland Windsor - Two Day Entry (Super Off Peak),69647,0,0,10,10,10,10,10,10,10,10,10,10,10,10,10,10,10,10,10,15,15,15,15,15,15,15,15,15,15,15
1757,830,25230,LEGOLAND Windsor Resort,25228,0,0,10,10,10,10,10,10,10,10,10,10,10,10,10,10,10,10,10,15,15,15,15,15,15,15,15,15,15,15
999,830,14414,"London Dungeon, SEA LIFE London & Madame Tussauds",14414,0,0,10,10,10,10,10,10,10,10,10,10,10,10,10,10,10,10,10,15,15,15,15,15,15,15,15,15,15,15
2396,830,50601,London Eye -  Fast Track (0 day+),50601,0,0,10,10,10,10,10,10,10,10,10,10,10,10,10,10,10,10,10,15,15,15,15,15,15,15,15,15,15,15
2393,830,50595,London Eye -  Standard Experience (same day),50595,0,0,10,10,10,10,10,10,10,10,10,10,10,10,10,10,10,10,10,15,15,15,15,15,15,15,15,15,15,15
1551,830,23448,London Eye - Champagne Experience (OFF PEAK),23448,0,0,10,10,10,10,10,10,10,10,10,10,10,10,10,10,10,10,10,15,15,15,15,15,15,15,15,15,15,15
1150,830,22043,London Eye - Champagne Experience (PEAK),22043,0,0,10,10,10,10,10,10,10,10,10,10,10,10,10,10,10,10,10,15,15,15,15,15,15,15,15,15,15,15
759,830,14129,London Eye - Fast Track (PEAK 1 day+),14129,0,0,10,10,10,10,10,10,10,10,10,10,10,10,10,10,10,10,10,15,15,15,15,15,15,15,15,15,15,15
768,830,14147,London Eye - Fast Track (SUPER PEAK 1 day+),14147,0,0,10,10,10,10,10,10,10,10,10,10,10,10,10,10,10,10,10,15,15,15,15,15,15,15,15,15,15,15
1186,830,17618,London Eye - FLEXI Fast Track,17618,0,0,10,10,10,10,10,10,10,10,10,10,10,10,10,10,10,10,10,15,15,15,15,15,15,15,15,15,15,15
1761,830,24924,London Eye - Standard Experience & River Cruise (OFF PEAK),24924,0,0,10,10,10,10,10,10,10,10,10,10,10,10,10,10,10,10,10,15,15,15,15,15,15,15,15,15,15,15
762,830,14138,London Eye - Standard Experience & River Cruise (PEAK),14138,0,0,10,10,10,10,10,10,10,10,10,10,10,10,10,10,10,10,10,15,15,15,15,15,15,15,15,15,15,15
756,830,14126,London Eye - Standard Experience (OFF PEAK 1 day+),14126,0,0,10,10,10,10,10,10,10,10,10,10,10,10,10,10,10,10,10,15,15,15,15,15,15,15,15,15,15,15
765,830,14141,London Eye - Standard Experience (PEAK 1 day+),14141,0,0,10,10,10,10,10,10,10,10,10,10,10,10,10,10,10,10,10,15,15,15,15,15,15,15,15,15,15,15
997,830,14411,"London Eye, Madame Tussauds & SEA LIFE London Ticket",14411,0,0,10,10,10,10,10,10,10,10,10,10,10,10,10,10,10,10,10,15,15,15,15,15,15,15,15,15,15,15
1286,830,19119,London Transport Museum,19119,0,0,15,15,15,15,15,15,15,15,15,15,15,15,15,15,15,15,15,15,15,15,15,15,15,15,15,15,15,15
1021,830,14417,London Zoo,14417,0,0,10,10,10,10,10,10,10,10,10,10,10,10,10,10,10,10,10,10,10,10,10,10,10,10,10,10,10,10
2405,830,50943,Madame Tussauds London,28572,0,0,10,10,10,10,10,10,10,10,10,10,10,10,10,10,10,10,10,15,15,15,15,15,15,15,15,15,15,15
1787,830,28572,Madame Tussauds London - Fast Track,28572,0,0,10,10,10,10,10,10,10,10,10,10,10,10,10,10,10,10,10,15,15,15,15,15,15,15,15,15,15,15
1036,830,14432,Madame Tussauds London - Standard Entry (OFF PEAK 1 day+),14432,0,0,10,10,10,10,10,10,10,10,10,10,10,10,10,10,10,10,10,15,15,15,15,15,15,15,15,15,15,15
1039,830,14438,Madame Tussauds London - Standard Entry (PEAK 1 day+),14438,0,0,10,10,10,10,10,10,10,10,10,10,10,10,10,10,10,10,10,15,15,15,15,15,15,15,15,15,15,15
2390,830,50545,Madame Tussauds London - Standard Entry (same day),50545,0,0,10,10,10,10,10,10,10,10,10,10,10,10,10,10,10,10,10,15,15,15,15,15,15,15,15,15,15,15
20,830,15746,Madame Tussauds London (excluding Marvel 4D),14438,0,0,10,10,10,10,10,10,10,10,10,10,10,10,10,10,10,10,10,15,15,15,15,15,15,15,15,15,15,15
994,830,14408,Merlin's Magical London Pass,14408,0,0,10,10,10,10,10,10,10,10,10,10,10,10,10,10,10,10,10,15,15,15,15,15,15,15,15,15,15,15
1764,830,19170,River Cruise (OFF PEAK),19170,0,0,10,10,10,10,10,10,10,10,10,10,10,10,10,10,10,10,10,15,15,15,15,15,15,15,15,15,15,15
2666,830,46235,Royal Museums Greenwich Day Pass,46235,0,0,15,15,15,15,15,15,15,15,15,15,15,15,15,15,15,15,15,20,20,20,20,20,20,20,20,20,20,20
1165,830,18969,SEA LIFE London Aquarium,14660,0,0,10,10,10,10,10,10,10,10,10,10,10,10,10,10,10,10,10,15,15,15,15,15,15,15,15,15,15,15
1106,830,17603,SEA LIFE London Aquarium - Any Time Entry,17603,0,0,10,10,10,10,10,10,10,10,10,10,10,10,10,10,10,10,10,15,15,15,15,15,15,15,15,15,15,15
1160,830,14660,SEA LIFE London Aquarium - Standard Entry (OFF PEAK 1 day+),14660,0,0,10,10,10,10,10,10,10,10,10,10,10,10,10,10,10,10,10,15,15,15,15,15,15,15,15,15,15,15
1027,830,15827,SEA LIFE London Aquarium - Standard Entry (PEAK 1 day+),15827,0,0,10,10,10,10,10,10,10,10,10,10,10,10,10,10,10,10,10,15,15,15,15,15,15,15,15,15,15,15
2402,830,50583,SEA LIFE London Aquarium - Standard Entry (same day),50583,0,0,10,10,10,10,10,10,10,10,10,10,10,10,10,10,10,10,10,15,15,15,15,15,15,15,15,15,15,15
189,830,13826,See London by Night,13826,0,0,25,25,25,25,25,25,25,25,25,25,25,25,25,25,25,25,25,25,25,25,25,25,25,25,25,25,25,20
1145,830,15611,Select Tour: Blenheim Palace Entrance Ticket,,0,0,25,25,25,25,25,25,25,25,25,25,25,25,25,25,25,25,25,28,28,28,28,30,30,30,30,30,30,25
1139,830,15629,Select Tour: Canterbury Cathedral Entrance Ticket,,0,0,25,25,25,25,25,25,25,25,25,25,25,25,25,25,25,25,25,28,28,28,28,30,30,30,30,30,30,25
1133,830,15602,Select Tour: Stonehenge Entrance Ticket,,0,0,25,25,25,25,25,25,25,25,25,25,25,25,25,25,25,25,25,28,28,28,28,30,30,30,30,30,30,25
1127,830,15608,Select Tour: Windsor Castle & Stonehenge Entrance Tickets,,0,0,25,25,25,25,25,25,25,25,25,25,25,25,25,25,25,25,25,28,28,28,28,30,30,30,30,30,30,25
1121,830,15596,Select Tour: Windsor Castle Entrance Ticket,,0,0,25,25,25,25,25,25,25,25,25,25,25,25,25,25,25,25,25,28,28,28,28,30,30,30,30,30,30,25
976,830,14342,Shakespeareâ€™s Globe Theatre Story & Guided Tour,14342,0,0,15,15,15,15,15,15,15,15,15,15,15,15,15,15,15,15,15,20,20,20,20,20,20,20,20,20,20,20
2700,830,65627,Shakespeare's Birthplace - Group - TTC ONLY !,,0,0,0,0,0,0,0,0,0,0,0,0,0,0,0,0,0,0,0,0,0,0,0,0,0,0,0,0,0,0
2701,830,65627,Shakespeare's Birthplace - Group - TTC ONLY !,,0,0,0,0,0,0,0,0,0,0,0,0,0,0,0,0,0,0,0,0,0,0,0,0,0,0,0,0,0,0
1103,830,17609,Shrekâ€™s Adventure! London - Any Time Entry,17609,0,0,10,10,10,10,10,10,10,10,10,10,10,10,10,10,10,10,10,15,15,15,15,15,15,15,15,15,15,15
1030,830,14426,Shrekâ€™s Adventure! London - Standard Entry (OFF PEAK 1 day+),14426,0,0,10,10,10,10,10,10,10,10,10,10,10,10,10,10,10,10,10,15,15,15,15,15,15,15,15,15,15,15
1033,830,14429,Shrekâ€™s Adventure! London - Standard Entry (PEAK 1 day+),14429,0,0,10,10,10,10,10,10,10,10,10,10,10,10,10,10,10,10,10,15,15,15,15,15,15,15,15,15,15,15
2399,830,50575,Shrekâ€™s Adventure! London - Standard Entry (same day),50575,0,0,10,10,10,10,10,10,10,10,10,10,10,10,10,10,10,10,10,15,15,15,15,15,15,15,15,15,15,15
795,830,14165,St Paul's Cathedral,14165,0,0,20,20,20,20,20,20,20,20,20,20,20,20,20,20,20,20,20,25,25,25,25,25,25,25,25,25,25,25
1657,830,25992,Strawberry Field - Liverpool,25992,0,0,15,15,15,15,15,15,15,15,15,15,15,15,15,15,15,15,15,20,20,20,20,20,20,20,20,20,20,20
2620,830,61227,TCA City Cruises (mini red rover/one way) paper ticket,,0,0,0,0,0,0,0,0,0,0,0,0,0,0,0,0,0,0,0,0,0,0,0,0,0,0,0,0,0,0
2621,830,61227,TCA City Cruises (mini red rover/one way) paper ticket,,0,0,0,0,0,0,0,0,0,0,0,0,0,0,0,0,0,0,0,0,0,0,0,0,0,0,0,0,0,0
2618,830,61228,TCA -Westminster Abbe Group - with Blue Badge guide ,,0,0,0,0,0,0,0,0,0,0,0,0,0,0,0,0,0,0,0,0,0,0,0,0,0,0,0,0,0,0
2619,830,61228,TCA -Westminster Abbe Group - with Blue Badge guide ,,0,0,0,0,0,0,0,0,0,0,0,0,0,0,0,0,0,0,0,0,0,0,0,0,0,0,0,0,0,0
21,830,15755,The London Dungeon,14429,0,0,10,10,10,10,10,10,10,10,10,10,10,10,10,10,10,10,10,15,15,15,15,15,15,15,15,15,15,15
1559,830,17606,The London Dungeon - Any Time Entry,17606,0,0,10,10,10,10,10,10,10,10,10,10,10,10,10,10,10,10,10,15,15,15,15,15,15,15,15,15,15,15
1041,830,14444,The London Dungeon - Standard Entry (OFF PEAK 1 day+),14444,0,0,10,10,10,10,10,10,10,10,10,10,10,10,10,10,10,10,10,15,15,15,15,15,15,15,15,15,15,15
64,830,14447,The London Dungeon - Standard Entry (PEAK 1 day+),14447,0,0,10,10,10,10,10,10,10,10,10,10,10,10,10,10,10,10,10,15,15,15,15,15,15,15,15,15,15,15
1532,830,23722,The London Dungeon - Standard Entry (same day),23722,0,0,10,10,10,10,10,10,10,10,10,10,10,10,10,10,10,10,10,15,15,15,15,15,15,15,15,15,15,15
16,830,15737,The London Eye,14141,0,0,10,10,10,10,10,10,10,10,10,10,10,10,10,10,10,10,10,15,15,15,15,15,15,15,15,15,15,15
2407,830,51197,The London Eye,14126,0,0,10,10,10,10,10,10,10,10,10,10,10,10,10,10,10,10,10,15,15,15,15,15,15,15,15,15,15,15
1637,830,25722,"The Old Royal Naval College Greenwich, home of the Painted Hall",25722,0,0,15,15,15,15,15,15,15,15,15,15,15,15,15,15,15,15,15,20,20,20,20,20,20,20,20,20,20,20
1645,830,25926,"The Palace of Holyroodhouse, Edinburgh",25926,0,0,10,10,10,10,10,10,10,10,10,10,10,10,10,10,10,10,10,15,15,15,15,15,15,15,15,15,15,15
1650,830,25978,The Queen's Gallery at Palace of Holyroodhouse,25978,0,0,10,10,10,10,10,10,10,10,10,10,10,10,10,10,10,10,10,15,15,15,15,15,15,15,15,15,15,15
971,830,14312,"The Queen's Gallery, Buckingham Palace",14312,0,0,10,10,10,10,10,10,10,10,10,10,10,10,10,10,10,10,10,15,15,15,15,15,15,15,15,15,15,15
966,830,14300,"The Royal Mews, Buckingham Palace",14300,0,0,10,10,10,10,10,10,10,10,10,10,10,10,10,10,10,10,10,15,15,15,15,15,15,15,15,15,15,15
992,830,14366,"The Royal Observatory, Greenwich",14366,0,0,15,15,15,15,15,15,15,15,15,15,15,15,15,15,15,15,15,20,20,20,20,20,20,20,20,20,20,20
786,830,14159,The Tower of London,14159,0,0,15,15,15,15,15,15,15,15,15,15,15,15,15,15,15,15,15,20,20,20,20,20,20,20,20,20,20,20
2310,830,26458,Tottenham Hotspur Stadium Tour ,26458,0,0,18,18,18,18,18,18,18,18,18,18,18,18,18,18,18,18,18,21,21,21,21,21,21,21,21,21,21,21
1079,830,17000,Trafalgar Special Series (323),,0,0,0,0,0,0,0,0,0,0,0,0,0,0,0,0,0,0,0,0,0,0,0,0,0,0,0,0,0,0
1080,830,17000,Trafalgar Special Series (323),,0,0,0,0,0,0,0,0,0,0,0,0,0,0,0,0,0,0,0,0,0,0,0,0,0,0,0,0,0,0
1068,830,14474,Uber Boat by Thames Clippers - River Roamer,14480,0,0,10,10,10,10,10,10,10,10,10,10,10,10,10,10,10,10,10,15,15,15,15,15,15,15,15,15,15,15
2328,830,43608,Uber Boat by Thames Clippers and IFS Cloud Cable Car,43608,0,0,10,10,10,10,10,10,10,10,10,10,10,10,10,10,10,10,10,15,15,15,15,15,15,15,15,15,15,15
2363,830,46231,Up at The O2 - Daytime Climb Saturday,46231,0,0,10,10,10,10,10,10,10,10,10,10,10,10,10,10,10,10,10,10,10,10,10,10,10,10,10,10,10,10
2322,830,27689,Up at The O2 - Daytime Climb Sunday,27689,0,0,10,10,10,10,10,10,10,10,10,10,10,10,10,10,10,10,10,10,10,10,10,10,10,10,10,10,10,10
2321,830,27687,Up at The O2 - Daytime Climb weekday,27687,0,0,10,10,10,10,10,10,10,10,10,10,10,10,10,10,10,10,10,10,10,10,10,10,10,10,10,10,10,10
1057,830,14513,Wembley Stadium Tour,14513,0,0,10,10,10,10,10,10,10,10,10,10,10,10,10,10,10,10,10,15,15,15,15,15,15,15,15,15,15,15
798,830,14162,Westminster Abbey - Entry tickets for individuals,14162,0,0,10,10,10,10,10,10,10,10,10,10,10,10,10,10,10,10,10,12,12,12,12,12,12,12,12,12,12,12
2416,830,52867,Westminster Abbey - Entry tickets for individuals (portal),52867,0,0,10,10,10,10,10,10,10,10,10,10,10,10,10,10,10,10,10,12,12,12,12,12,12,12,12,12,12,12
1164,830,22490,Westminster Abbey - Finance only,,0,0,10,10,10,10,10,10,10,10,10,10,10,10,10,10,10,10,10,12,12,12,12,12,12,12,12,12,12,12
958,830,14258,Windsor Castle,14258,0,0,10,10,10,10,10,10,10,10,10,10,10,10,10,10,10,10,10,15,15,15,15,15,15,15,15,15,15,15
2140,830,38688,York City Cruise,38688,0,0,15,15,15,15,15,15,15,15,15,15,15,15,15,15,15,15,15,15,15,15,15,15,15,15,15,15,15,15
,,72535,"TTC/TCA : Group (10 or more) Buckingham Palace , The State Rooms - INVOICE ONLY",,0,0,0,0,0,0,0,0,0,0,0,0,0,0,0,0,0,0,0,0,0,0,0,0,0,0,0,0,0,0
,,72537,GCC: Canterbury Cathedral Group - INVOICE ONLY,,0,0,0,0,0,0,0,0,0,0,0,0,0,0,0,0,0,0,0,0,0,0,0,0,0,0,0,0,0,0
,,72539,GLC: Leeds Castle - 15 or More INVOICE ONLY,,0,0,0,0,0,0,0,0,0,0,0,0,0,0,0,0,0,0,0,0,0,0,0,0,0,0,0,0,0,0
,,72541,Shakespeare's Family Homes- Group - Invoice only,,0,0,15,15,15,15,15,15,15,15,15,15,15,15,15,15,15,15,15,15,15,15,15,15,15,15,15,15,15,15
,,72543,St. Paul's Cathedral Group coach visit only - Invoice only,,0,0,15,15,15,15,15,15,15,15,15,15,15,15,15,15,15,15,15,15,15,15,15,15,15,15,15,15,15,15
,,72739,GLE: London Eye - Standard + River Cruise Experience - Invoice only,,0,0,0,0,0,0,0,0,0,0,0,0,0,0,0,0,0,0,0,0,0,0,0,0,0,0,0,0,0,0
,,72742,GSEA: Sealife London (10 or more) - Invoice only,,0,0,0,0,0,0,0,0,0,0,0,0,0,0,0,0,0,0,0,0,0,0,0,0,0,0,0,0,0,0
,,72744,GSHK: Shrek's Adventure! London (10 or more) - Invoice only,,0,0,0,0,0,0,0,0,0,0,0,0,0,0,0,0,0,0,0,0,0,0,0,0,0,0,0,0,0,0
,,72745,GWBS Warner Bros. Studio London ticket - Tier 2 - Invoice only,,0,0,0,0,0,0,0,0,0,0,0,0,0,0,0,0,0,0,0,0,0,0,0,0,0,0,0,0,0,0
,,72746,GSTO: Stonehenge Standard - Invoice only,,0,0,0,0,0,0,0,0,0,0,0,0,0,0,0,0,0,0,0,0,0,0,0,0,0,0,0,0,0,0
,,74374,Whitby Abbey ( Off Peak) Invoice only,,0,0,10,10,10,10,10,10,10,10,10,10,10,10,10,10,10,10,10,10,10,10,10,10,10,10,10,10,10,10
,,74375,Whitby Abbey (Standard) Invoice only,,0,0,10,10,10,10,10,10,10,10,10,10,10,10,10,10,10,10,10,10,10,10,10,10,10,10,10,10,10,10
,,74377,Whitby Abbey ( Peak) Invoice only,,0,0,10,10,10,10,10,10,10,10,10,10,10,10,10,10,10,10,10,10,10,10,10,10,10,10,10,10,10,10
,,74797,Classic Afternoon Tea Bus London Sightseeing Tour,,0,0,10,10,10,10,10,10,10,10,10,10,10,10,10,10,10,10,10,10,10,10,10,10,10,10,10,10,10,10
,,74798,Bombay Sapphire Gin Afternoon Tea Sightseeing Bus Tour - Saturday,,0,0,20,20,20,20,20,20,20,20,20,20,20,20,20,20,20,20,20,20,20,20,20,20,20,20,20,20,20,20
,,74800,Bombay Sapphire Gin Afternoon Tea Sightseeing Bus Tour - Friday,,0,0,20,20,20,20,20,20,20,20,20,20,20,20,20,20,20,20,20,20,20,20,20,20,20,20,20,20,20,20
,,74925,Bombay Sapphire Gin Afternoon Tea Sightseeing Bus Tour,,0,0,20,20,20,20,20,20,20,20,20,20,20,20,20,20,20,20,20,20,20,20,20,20,20,20,20,20,20,20
,,74950,Ultimate London Speedboat Experience,,0,0,10,10,10,10,10,10,10,10,10,10,10,10,10,10,10,10,10,10,10,10,10,10,10,10,10,10,10,10
,,3297,Hop-On Hop-Off Oxford 24 Hours,,#N/A,#N/A,#N/A,#N/A,#N/A,#N/A,#N/A,#N/A,#N/A,#N/A,#N/A,#N/A,#N/A,#N/A,#N/A,#N/A,#N/A,#N/A,#N/A,#N/A,#N/A,#N/A,#N/A,#N/A,#N/A,#N/A,#N/A,#N/A,#N/A,#N/A
,,15038,Liverpool & The Beatles - Day Tour from London (First Class),,#N/A,#N/A,#N/A,#N/A,#N/A,#N/A,#N/A,#N/A,#N/A,#N/A,#N/A,#N/A,#N/A,#N/A,#N/A,#N/A,#N/A,#N/A,#N/A,#N/A,#N/A,#N/A,#N/A,#N/A,#N/A,#N/A,#N/A,#N/A,#N/A,#N/A
,,15815,London Eye - Private Capsule,,#N/A,#N/A,#N/A,#N/A,#N/A,#N/A,#N/A,#N/A,#N/A,#N/A,#N/A,#N/A,#N/A,#N/A,#N/A,#N/A,#N/A,#N/A,#N/A,#N/A,#N/A,#N/A,#N/A,#N/A,#N/A,#N/A,#N/A,#N/A,#N/A,#N/A
,,23445,River Cruise (PEAK),,#N/A,#N/A,#N/A,#N/A,#N/A,#N/A,#N/A,#N/A,#N/A,#N/A,#N/A,#N/A,#N/A,#N/A,#N/A,#N/A,#N/A,#N/A,#N/A,#N/A,#N/A,#N/A,#N/A,#N/A,#N/A,#N/A,#N/A,#N/A,#N/A,#N/A
,,25229,Legoland Windsor - One Day Entry (Off Peak),,#N/A,#N/A,#N/A,#N/A,#N/A,#N/A,#N/A,#N/A,#N/A,#N/A,#N/A,#N/A,#N/A,#N/A,#N/A,#N/A,#N/A,#N/A,#N/A,#N/A,#N/A,#N/A,#N/A,#N/A,#N/A,#N/A,#N/A,#N/A,#N/A,#N/A
,,77619,Headout - Warner Bros. Tour from London Victoria,,#N/A,#N/A,#N/A,#N/A,#N/A,#N/A,#N/A,#N/A,#N/A,#N/A,#N/A,#N/A,#N/A,#N/A,#N/A,#N/A,#N/A,#N/A,#N/A,#N/A,#N/A,#N/A,#N/A,#N/A,#N/A,#N/A,#N/A,#N/A,#N/A,#N/A
,,77621,Headout - Warner Bros. Tour from Russell Square,,#N/A,#N/A,#N/A,#N/A,#N/A,#N/A,#N/A,#N/A,#N/A,#N/A,#N/A,#N/A,#N/A,#N/A,#N/A,#N/A,#N/A,#N/A,#N/A,#N/A,#N/A,#N/A,#N/A,#N/A,#N/A,#N/A,#N/A,#N/A,#N/A,#N/A
,,79967,Liverpool Football Club Anfield Stadium and Museum Rail Tour from London â€“ standard class,,#N/A,#N/A,#N/A,#N/A,#N/A,#N/A,#N/A,#N/A,#N/A,#N/A,#N/A,#N/A,#N/A,#N/A,#N/A,#N/A,#N/A,#N/A,#N/A,#N/A,#N/A,#N/A,#N/A,#N/A,#N/A,#N/A,#N/A,#N/A,#N/A,#N/A
,,79970,Liverpool Football Club Anfield Stadium and Museum Rail Tour from London â€“ First Class ,,#N/A,#N/A,#N/A,#N/A,#N/A,#N/A,#N/A,#N/A,#N/A,#N/A,#N/A,#N/A,#N/A,#N/A,#N/A,#N/A,#N/A,#N/A,#N/A,#N/A,#N/A,#N/A,#N/A,#N/A,#N/A,#N/A,#N/A,#N/A,#N/A,#N/A
,,80677,Uber Boat by Thames Clippers - Single,,#N/A,#N/A,#N/A,#N/A,#N/A,#N/A,#N/A,#N/A,#N/A,#N/A,#N/A,#N/A,#N/A,#N/A,#N/A,#N/A,#N/A,#N/A,#N/A,#N/A,#N/A,#N/A,#N/A,#N/A,#N/A,#N/A,#N/A,#N/A,#N/A,#N/A
,,81206,London In One Day Tour with River Cruise - Spanish,,#N/A,#N/A,#N/A,#N/A,#N/A,#N/A,#N/A,#N/A,#N/A,#N/A,#N/A,#N/A,#N/A,#N/A,#N/A,#N/A,#N/A,#N/A,#N/A,#N/A,#N/A,#N/A,#N/A,#N/A,#N/A,#N/A,#N/A,#N/A,#N/A,#N/A
,,81709,"Windsor, Stonehenge & Oxford (Portuguese) â€“ Stonehenge entry only",,#N/A,#N/A,#N/A,#N/A,#N/A,#N/A,#N/A,#N/A,#N/A,#N/A,#N/A,#N/A,#N/A,#N/A,#N/A,#N/A,#N/A,#N/A,#N/A,#N/A,#N/A,#N/A,#N/A,#N/A,#N/A,#N/A,#N/A,#N/A,#N/A,#N/A
,,81721,"Windsor Castle, Stonehenge & Oxford (Portuguese) - including all entrances",,#N/A,#N/A,#N/A,#N/A,#N/A,#N/A,#N/A,#N/A,#N/A,#N/A,#N/A,#N/A,#N/A,#N/A,#N/A,#N/A,#N/A,#N/A,#N/A,#N/A,#N/A,#N/A,#N/A,#N/A,#N/A,#N/A,#N/A,#N/A,#N/A,#N/A
,,81782,Oxford & Cambridge Universities with college entry - Spanish,,#N/A,#N/A,#N/A,#N/A,#N/A,#N/A,#N/A,#N/A,#N/A,#N/A,#N/A,#N/A,#N/A,#N/A,#N/A,#N/A,#N/A,#N/A,#N/A,#N/A,#N/A,#N/A,#N/A,#N/A,#N/A,#N/A,#N/A,#N/A,#N/A,#N/A
,,81787,Oxford & Cambridge Universities with college entry - Chinese,,#N/A,#N/A,#N/A,#N/A,#N/A,#N/A,#N/A,#N/A,#N/A,#N/A,#N/A,#N/A,#N/A,#N/A,#N/A,#N/A,#N/A,#N/A,#N/A,#N/A,#N/A,#N/A,#N/A,#N/A,#N/A,#N/A,#N/A,#N/A,#N/A,#N/A
,,81859,Stonehenge Half Day Tour including Thames River Cruise Ticket,,#N/A,#N/A,#N/A,#N/A,#N/A,#N/A,#N/A,#N/A,#N/A,#N/A,#N/A,#N/A,#N/A,#N/A,#N/A,#N/A,#N/A,#N/A,#N/A,#N/A,#N/A,#N/A,#N/A,#N/A,#N/A,#N/A,#N/A,#N/A,#N/A,#N/A
,,82215,London Eye - One time standard experience (48H Flex),,#N/A,#N/A,#N/A,#N/A,#N/A,#N/A,#N/A,#N/A,#N/A,#N/A,#N/A,#N/A,#N/A,#N/A,#N/A,#N/A,#N/A,#N/A,#N/A,#N/A,#N/A,#N/A,#N/A,#N/A,#N/A,#N/A,#N/A,#N/A,#N/A,#N/A
,,82814,Landmarks and Gems: Royal London Bike Tour,,#N/A,#N/A,#N/A,#N/A,#N/A,#N/A,#N/A,#N/A,#N/A,#N/A,#N/A,#N/A,#N/A,#N/A,#N/A,#N/A,#N/A,#N/A,#N/A,#N/A,#N/A,#N/A,#N/A,#N/A,#N/A,#N/A,#N/A,#N/A,#N/A,#N/A
,,86427,See London by Night - Christmas Lights Tour,,#N/A,#N/A,#N/A,#N/A,#N/A,#N/A,#N/A,#N/A,#N/A,#N/A,#N/A,#N/A,#N/A,#N/A,#N/A,#N/A,#N/A,#N/A,#N/A,#N/A,#N/A,#N/A,#N/A,#N/A,#N/A,#N/A,#N/A,#N/A,#N/A,#N/A
,,86895,"London Eye, Madame Tussauds & SEA LIFE London - 3 way ticket  Off-Peak",,#N/A,#N/A,#N/A,#N/A,#N/A,#N/A,#N/A,#N/A,#N/A,#N/A,#N/A,#N/A,#N/A,#N/A,#N/A,#N/A,#N/A,#N/A,#N/A,#N/A,#N/A,#N/A,#N/A,#N/A,#N/A,#N/A,#N/A,#N/A,#N/A,#N/A