vt_group_no	transaction_id	order_confirm_date	created_date	hotel_id	channel_id	ticketId	ticketpriceschedule_id	version	row_type	partner_gross_price	partner_net_price	salePrice	order_currency_partner_gross_price	order_currency_partner_net_price	supplier_gross_price	supplier_net_price	col2	company_id	company_pricelist_id	company_sub_catalog	TYPE	tlc_ticketpriceschedule_id	resale_currency_level	tlc_dist_per	tlc_hgs_per	tlc_mer_per	tlc_res_per	tlc_comm_on_sale	tlc_is_resale_percentage	tlc_museum_net_commission	tlc_merchant_net_commission	tlc_hotel_commission_net_price	tlc_hgs_commission_net_price	type2	catalog_id	sc_ticketpriceschedule_id	sc_resale_currency_level	sc_dist_per	sc_hgs_per	sc_mer_per	sc_res_per	sc_comm_on_sale	sc_is_resale_percentage	sc_museum_net_commission	sc_merchant_net_commission	sc_hotel_commission_net_price	sc_hgs_commission_net_price	type3	clc_ticketpriceschedule_id	pl_dist_per	pl_hgs_per	pl_mer_per	pl_res_per	pl_comm_on_sale	pl_is_resale_percentage	pl_museum_net_commission	pl_merchant_net_commission	pl_hotel_commission_net_price	pl_hgs_commission_net_price
172380745238629	172380745238629001R	2024-08-16 11:25:30	2024-08-16 11:25:30	44587	830	15569	411331	2	1	99.00	99.00	99.00	192.52	192.52	99.00	99.00	0	44587	830	167715372656153	---TLC LEVEL---	NULL	NULL	NULL	NULL	NULL	NULL	NULL	NULL	NULL	NULL	NULL	NULL	----Sub catalog Level---	NULL	NULL	NULL	NULL	NULL	NULL	NULL	NULL	NULL	NULL	NULL	NULL	NULL	----Price List Level---	NULL	NULL	NULL	NULL	NULL	NULL	NULL	NULL	NULL	NULL	NULL
172380745238629	172380745238629001R	2024-08-16 11:25:30	2024-08-16 11:25:30	44587	830	15569	411331	2	2	0.00	0.00	99.00	0.00	0.00	0.00	0.00	0	44587	830	167715372656153	---TLC LEVEL---	NULL	NULL	NULL	NULL	NULL	NULL	NULL	NULL	NULL	NULL	NULL	NULL	----Sub catalog Level---	NULL	NULL	NULL	NULL	NULL	NULL	NULL	NULL	NULL	NULL	NULL	NULL	NULL	----Price List Level---	NULL	NULL	NULL	NULL	NULL	NULL	NULL	NULL	NULL	NULL	NULL
172380745238629	172380745238629001R	2024-08-16 11:25:30	2024-08-16 11:25:30	44587	830	15569	411331	2	3	24.75	24.75	99.00	0.00	0.00	24.75	24.75	0	44587	830	167715372656153	---TLC LEVEL---	NULL	NULL	NULL	NULL	NULL	NULL	NULL	NULL	NULL	NULL	NULL	NULL	----Sub catalog Level---	NULL	NULL	NULL	NULL	NULL	NULL	NULL	NULL	NULL	NULL	NULL	NULL	NULL	----Price List Level---	NULL	NULL	NULL	NULL	NULL	NULL	NULL	NULL	NULL	NULL	NULL
172380745238629	172380745238629001R	2024-08-16 11:25:30	2024-08-16 11:25:30	44587	830	15569	411331	2	4	58.65	58.65	99.00	192.52	192.52	58.65	58.65	0	44587	830	167715372656153	---TLC LEVEL---	NULL	NULL	NULL	NULL	NULL	NULL	NULL	NULL	NULL	NULL	NULL	NULL	----Sub catalog Level---	NULL	NULL	NULL	NULL	NULL	NULL	NULL	NULL	NULL	NULL	NULL	NULL	NULL	----Price List Level---	NULL	NULL	NULL	NULL	NULL	NULL	NULL	NULL	NULL	NULL	NULL
172380745238629	172380745238629001R	2024-08-16 11:25:30	2024-08-16 11:25:30	44587	830	15569	411331	2	17	0.00	0.00	99.00	0.00	0.00	0.00	0.00	0	44587	830	167715372656153	---TLC LEVEL---	NULL	NULL	NULL	NULL	NULL	NULL	NULL	NULL	NULL	NULL	NULL	NULL	----Sub catalog Level---	NULL	NULL	NULL	NULL	NULL	NULL	NULL	NULL	NULL	NULL	NULL	NULL	NULL	----Price List Level---	NULL	NULL	NULL	NULL	NULL	NULL	NULL	NULL	NULL	NULL	NULL
172380745238629	172380745238629002R	2024-08-16 11:25:30	2024-08-16 11:25:30	44587	830	15569	411332	2	1	89.00	89.00	89.00	173.07	173.07	89.00	89.00	0	44587	830	167715372656153	---TLC LEVEL---	NULL	NULL	NULL	NULL	NULL	NULL	NULL	NULL	NULL	NULL	NULL	NULL	----Sub catalog Level---	NULL	NULL	NULL	NULL	NULL	NULL	NULL	NULL	NULL	NULL	NULL	NULL	NULL	----Price List Level---	NULL	NULL	NULL	NULL	NULL	NULL	NULL	NULL	NULL	NULL	NULL
172380745238629	172380745238629002R	2024-08-16 11:25:30	2024-08-16 11:25:30	44587	830	15569	411332	2	2	0.00	0.00	89.00	0.00	0.00	0.00	0.00	0	44587	830	167715372656153	---TLC LEVEL---	NULL	NULL	NULL	NULL	NULL	NULL	NULL	NULL	NULL	NULL	NULL	NULL	----Sub catalog Level---	NULL	NULL	NULL	NULL	NULL	NULL	NULL	NULL	NULL	NULL	NULL	NULL	NULL	----Price List Level---	NULL	NULL	NULL	NULL	NULL	NULL	NULL	NULL	NULL	NULL	NULL
172380745238629	172380745238629002R	2024-08-16 11:25:30	2024-08-16 11:25:30	44587	830	15569	411332	2	3	22.25	22.25	89.00	0.00	0.00	22.25	22.25	0	44587	830	167715372656153	---TLC LEVEL---	NULL	NULL	NULL	NULL	NULL	NULL	NULL	NULL	NULL	NULL	NULL	NULL	----Sub catalog Level---	NULL	NULL	NULL	NULL	NULL	NULL	NULL	NULL	NULL	NULL	NULL	NULL	NULL	----Price List Level---	NULL	NULL	NULL	NULL	NULL	NULL	NULL	NULL	NULL	NULL	NULL
172380745238629	172380745238629002R	2024-08-16 11:25:30	2024-08-16 11:25:30	44587	830	15569	411332	2	4	55.35	55.35	89.00	173.07	173.07	55.35	55.35	0	44587	830	167715372656153	---TLC LEVEL---	NULL	NULL	NULL	NULL	NULL	NULL	NULL	NULL	NULL	NULL	NULL	NULL	----Sub catalog Level---	NULL	NULL	NULL	NULL	NULL	NULL	NULL	NULL	NULL	NULL	NULL	NULL	NULL	----Price List Level---	NULL	NULL	NULL	NULL	NULL	NULL	NULL	NULL	NULL	NULL	NULL
172380745238629	172380745238629002R	2024-08-16 11:25:30	2024-08-16 11:25:30	44587	830	15569	411332	2	17	0.00	0.00	89.00	0.00	0.00	0.00	0.00	0	44587	830	167715372656153	---TLC LEVEL---	NULL	NULL	NULL	NULL	NULL	NULL	NULL	NULL	NULL	NULL	NULL	NULL	----Sub catalog Level---	NULL	NULL	NULL	NULL	NULL	NULL	NULL	NULL	NULL	NULL	NULL	NULL	NULL	----Price List Level---	NULL	NULL	NULL	NULL	NULL	NULL	NULL	NULL	NULL	NULL	NULL
172380745238629	172380745238629011R	2024-09-18 09:19:44	2024-08-16 11:25:30	44587	830	15569	411331	2	1	99.00	99.00	99.00	192.52	192.52	99.00	99.00	0	44587	830	167715372656153	---TLC LEVEL---	NULL	NULL	NULL	NULL	NULL	NULL	NULL	NULL	NULL	NULL	NULL	NULL	----Sub catalog Level---	NULL	NULL	NULL	NULL	NULL	NULL	NULL	NULL	NULL	NULL	NULL	NULL	NULL	----Price List Level---	NULL	NULL	NULL	NULL	NULL	NULL	NULL	NULL	NULL	NULL	NULL
172380745238629	172380745238629011R	2024-09-18 09:19:44	2024-08-16 11:25:30	44587	830	15569	411331	2	2	0.00	0.00	99.00	0.00	0.00	0.00	0.00	0	44587	830	167715372656153	---TLC LEVEL---	NULL	NULL	NULL	NULL	NULL	NULL	NULL	NULL	NULL	NULL	NULL	NULL	----Sub catalog Level---	NULL	NULL	NULL	NULL	NULL	NULL	NULL	NULL	NULL	NULL	NULL	NULL	NULL	----Price List Level---	NULL	NULL	NULL	NULL	NULL	NULL	NULL	NULL	NULL	NULL	NULL
172380745238629	172380745238629011R	2024-09-18 09:19:44	2024-08-16 11:25:30	44587	830	15569	411331	2	3	24.75	24.75	99.00	0.00	0.00	24.75	24.75	0	44587	830	167715372656153	---TLC LEVEL---	NULL	NULL	NULL	NULL	NULL	NULL	NULL	NULL	NULL	NULL	NULL	NULL	----Sub catalog Level---	NULL	NULL	NULL	NULL	NULL	NULL	NULL	NULL	NULL	NULL	NULL	NULL	NULL	----Price List Level---	NULL	NULL	NULL	NULL	NULL	NULL	NULL	NULL	NULL	NULL	NULL
172380745238629	172380745238629011R	2024-09-18 09:19:44	2024-08-16 11:25:30	44587	830	15569	411331	2	4	58.65	58.65	99.00	192.52	192.52	58.65	58.65	0	44587	830	167715372656153	---TLC LEVEL---	NULL	NULL	NULL	NULL	NULL	NULL	NULL	NULL	NULL	NULL	NULL	NULL	----Sub catalog Level---	NULL	NULL	NULL	NULL	NULL	NULL	NULL	NULL	NULL	NULL	NULL	NULL	NULL	----Price List Level---	NULL	NULL	NULL	NULL	NULL	NULL	NULL	NULL	NULL	NULL	NULL
172380745238629	172380745238629011R	2024-09-18 09:19:44	2024-08-16 11:25:30	44587	830	15569	411331	2	17	0.00	0.00	99.00	0.00	0.00	0.00	0.00	0	44587	830	167715372656153	---TLC LEVEL---	NULL	NULL	NULL	NULL	NULL	NULL	NULL	NULL	NULL	NULL	NULL	NULL	----Sub catalog Level---	NULL	NULL	NULL	NULL	NULL	NULL	NULL	NULL	NULL	NULL	NULL	NULL	NULL	----Price List Level---	NULL	NULL	NULL	NULL	NULL	NULL	NULL	NULL	NULL	NULL	NULL
172380745238629	172380745238629012R	2024-09-18 09:19:44	2024-08-16 11:25:30	44587	830	15569	411332	2	1	89.00	89.00	89.00	173.07	173.07	89.00	89.00	0	44587	830	167715372656153	---TLC LEVEL---	NULL	NULL	NULL	NULL	NULL	NULL	NULL	NULL	NULL	NULL	NULL	NULL	----Sub catalog Level---	NULL	NULL	NULL	NULL	NULL	NULL	NULL	NULL	NULL	NULL	NULL	NULL	NULL	----Price List Level---	NULL	NULL	NULL	NULL	NULL	NULL	NULL	NULL	NULL	NULL	NULL
172380745238629	172380745238629012R	2024-09-18 09:19:44	2024-08-16 11:25:30	44587	830	15569	411332	2	2	0.00	0.00	89.00	0.00	0.00	0.00	0.00	0	44587	830	167715372656153	---TLC LEVEL---	NULL	NULL	NULL	NULL	NULL	NULL	NULL	NULL	NULL	NULL	NULL	NULL	----Sub catalog Level---	NULL	NULL	NULL	NULL	NULL	NULL	NULL	NULL	NULL	NULL	NULL	NULL	NULL	----Price List Level---	NULL	NULL	NULL	NULL	NULL	NULL	NULL	NULL	NULL	NULL	NULL
172380745238629	172380745238629012R	2024-09-18 09:19:44	2024-08-16 11:25:30	44587	830	15569	411332	2	3	22.25	22.25	89.00	0.00	0.00	22.25	22.25	0	44587	830	167715372656153	---TLC LEVEL---	NULL	NULL	NULL	NULL	NULL	NULL	NULL	NULL	NULL	NULL	NULL	NULL	----Sub catalog Level---	NULL	NULL	NULL	NULL	NULL	NULL	NULL	NULL	NULL	NULL	NULL	NULL	NULL	----Price List Level---	NULL	NULL	NULL	NULL	NULL	NULL	NULL	NULL	NULL	NULL	NULL
172380745238629	172380745238629012R	2024-09-18 09:19:44	2024-08-16 11:25:30	44587	830	15569	411332	2	4	55.35	55.35	89.00	173.07	173.07	55.35	55.35	0	44587	830	167715372656153	---TLC LEVEL---	NULL	NULL	NULL	NULL	NULL	NULL	NULL	NULL	NULL	NULL	NULL	NULL	----Sub catalog Level---	NULL	NULL	NULL	NULL	NULL	NULL	NULL	NULL	NULL	NULL	NULL	NULL	NULL	----Price List Level---	NULL	NULL	NULL	NULL	NULL	NULL	NULL	NULL	NULL	NULL	NULL
172380745238629	172380745238629012R	2024-09-18 09:19:44	2024-08-16 11:25:30	44587	830	15569	411332	2	17	0.00	0.00	89.00	0.00	0.00	0.00	0.00	0	44587	830	167715372656153	---TLC LEVEL---	NULL	NULL	NULL	NULL	NULL	NULL	NULL	NULL	NULL	NULL	NULL	NULL	----Sub catalog Level---	NULL	NULL	NULL	NULL	NULL	NULL	NULL	NULL	NULL	NULL	NULL	NULL	NULL	----Price List Level---	NULL	NULL	NULL	NULL	NULL	NULL	NULL	NULL	NULL	NULL	NULL
vt_group_no	transaction_id	order_confirm_date	created_date	hotel_id	channel_id	ticketId	ticketpriceschedule_id	version	row_type	partner_gross_price	partner_net_price	salePrice	order_currency_partner_gross_price	order_currency_partner_net_price	supplier_gross_price	supplier_net_price	col2	company_id	company_pricelist_id	company_sub_catalog	TYPE	tlc_ticketpriceschedule_id	resale_currency_level	tlc_dist_per	tlc_hgs_per	tlc_mer_per	tlc_res_per	tlc_comm_on_sale	tlc_is_resale_percentage	tlc_museum_net_commission	tlc_merchant_net_commission	tlc_hotel_commission_net_price	tlc_hgs_commission_net_price	type2	catalog_id	sc_ticketpriceschedule_id	sc_resale_currency_level	sc_dist_per	sc_hgs_per	sc_mer_per	sc_res_per	sc_comm_on_sale	sc_is_resale_percentage	sc_museum_net_commission	sc_merchant_net_commission	sc_hotel_commission_net_price	sc_hgs_commission_net_price	type3	clc_ticketpriceschedule_id	pl_dist_per	pl_hgs_per	pl_mer_per	pl_res_per	pl_comm_on_sale	pl_is_resale_percentage	pl_museum_net_commission	pl_merchant_net_commission	pl_hotel_commission_net_price	pl_hgs_commission_net_price
172736300404980	172736300404980001R	2024-09-26 15:03:33	2024-09-26 15:03:33	6458	830	61426	415014	2	1	125.00	125.00	125.00	125.00	125.00	125.00	125.00	0	6458	830	171640808526563	---TLC LEVEL---	NULL	NULL	NULL	NULL	NULL	NULL	NULL	NULL	NULL	NULL	NULL	NULL	----Sub catalog Level---	171640808526563	415014	1	25.00	75.00	0.00	0.00	1	1	0.00	0.00	31.25	93.75	----Price List Level---	415014	20.00	80.00	0.00	0.00	1	0	0.00	0.00	25.00	100.00
172736300404980	172736300404980001R	2024-09-26 15:03:33	2024-09-26 15:03:33	6458	830	61426	415014	2	2	0.00	0.00	125.00	0.00	0.00	0.00	0.00	0	6458	830	171640808526563	---TLC LEVEL---	NULL	NULL	NULL	NULL	NULL	NULL	NULL	NULL	NULL	NULL	NULL	NULL	----Sub catalog Level---	171640808526563	415014	1	25.00	75.00	0.00	0.00	1	1	0.00	0.00	31.25	93.75	----Price List Level---	415014	20.00	80.00	0.00	0.00	1	0	0.00	0.00	25.00	100.00
172736300404980	172736300404980001R	2024-09-26 15:03:33	2024-09-26 15:03:33	6458	830	61426	415014	2	3	28.75	28.75	125.00	0.00	0.00	31.25	31.25	0	6458	830	171640808526563	---TLC LEVEL---	NULL	NULL	NULL	NULL	NULL	NULL	NULL	NULL	NULL	NULL	NULL	NULL	----Sub catalog Level---	171640808526563	415014	1	25.00	75.00	0.00	0.00	1	1	0.00	0.00	31.25	93.75	----Price List Level---	415014	20.00	80.00	0.00	0.00	1	0	0.00	0.00	25.00	100.00
172736300404980	172736300404980001R	2024-09-26 15:03:33	2024-09-26 15:03:33	6458	830	61426	415014	2	4	96.25	96.25	125.00	125.00	125.00	93.75	93.75	0	6458	830	171640808526563	---TLC LEVEL---	NULL	NULL	NULL	NULL	NULL	NULL	NULL	NULL	NULL	NULL	NULL	NULL	----Sub catalog Level---	171640808526563	415014	1	25.00	75.00	0.00	0.00	1	1	0.00	0.00	31.25	93.75	----Price List Level---	415014	20.00	80.00	0.00	0.00	1	0	0.00	0.00	25.00	100.00
172736300404980	172736300404980001R	2024-09-26 15:03:33	2024-09-26 15:03:33	6458	830	61426	415014	2	17	0.00	0.00	125.00	0.00	0.00	0.00	0.00	0	6458	830	171640808526563	---TLC LEVEL---	NULL	NULL	NULL	NULL	NULL	NULL	NULL	NULL	NULL	NULL	NULL	NULL	----Sub catalog Level---	171640808526563	415014	1	25.00	75.00	0.00	0.00	1	1	0.00	0.00	31.25	93.75	----Price List Level---	415014	20.00	80.00	0.00	0.00	1	0	0.00	0.00	25.00	100.00
172736300404980	172736300404980002R	2024-09-26 15:03:33	2024-09-26 15:03:33	6458	830	61426	415014	2	1	125.00	125.00	125.00	125.00	125.00	125.00	125.00	0	6458	830	171640808526563	---TLC LEVEL---	NULL	NULL	NULL	NULL	NULL	NULL	NULL	NULL	NULL	NULL	NULL	NULL	----Sub catalog Level---	171640808526563	415014	1	25.00	75.00	0.00	0.00	1	1	0.00	0.00	31.25	93.75	----Price List Level---	415014	20.00	80.00	0.00	0.00	1	0	0.00	0.00	25.00	100.00
172736300404980	172736300404980002R	2024-09-26 15:03:33	2024-09-26 15:03:33	6458	830	61426	415014	2	2	0.00	0.00	125.00	0.00	0.00	0.00	0.00	0	6458	830	171640808526563	---TLC LEVEL---	NULL	NULL	NULL	NULL	NULL	NULL	NULL	NULL	NULL	NULL	NULL	NULL	----Sub catalog Level---	171640808526563	415014	1	25.00	75.00	0.00	0.00	1	1	0.00	0.00	31.25	93.75	----Price List Level---	415014	20.00	80.00	0.00	0.00	1	0	0.00	0.00	25.00	100.00
172736300404980	172736300404980002R	2024-09-26 15:03:33	2024-09-26 15:03:33	6458	830	61426	415014	2	3	28.75	28.75	125.00	0.00	0.00	31.25	31.25	0	6458	830	171640808526563	---TLC LEVEL---	NULL	NULL	NULL	NULL	NULL	NULL	NULL	NULL	NULL	NULL	NULL	NULL	----Sub catalog Level---	171640808526563	415014	1	25.00	75.00	0.00	0.00	1	1	0.00	0.00	31.25	93.75	----Price List Level---	415014	20.00	80.00	0.00	0.00	1	0	0.00	0.00	25.00	100.00
172736300404980	172736300404980002R	2024-09-26 15:03:33	2024-09-26 15:03:33	6458	830	61426	415014	2	4	96.25	96.25	125.00	125.00	125.00	93.75	93.75	0	6458	830	171640808526563	---TLC LEVEL---	NULL	NULL	NULL	NULL	NULL	NULL	NULL	NULL	NULL	NULL	NULL	NULL	----Sub catalog Level---	171640808526563	415014	1	25.00	75.00	0.00	0.00	1	1	0.00	0.00	31.25	93.75	----Price List Level---	415014	20.00	80.00	0.00	0.00	1	0	0.00	0.00	25.00	100.00
172736300404980	172736300404980002R	2024-09-26 15:03:33	2024-09-26 15:03:33	6458	830	61426	415014	2	17	0.00	0.00	125.00	0.00	0.00	0.00	0.00	0	6458	830	171640808526563	---TLC LEVEL---	NULL	NULL	NULL	NULL	NULL	NULL	NULL	NULL	NULL	NULL	NULL	NULL	----Sub catalog Level---	171640808526563	415014	1	25.00	75.00	0.00	0.00	1	1	0.00	0.00	31.25	93.75	----Price List Level---	415014	20.00	80.00	0.00	0.00	1	0	0.00	0.00	25.00	100.00
vt_group_no	transaction_id	order_confirm_date	created_date	hotel_id	channel_id	ticketId	ticketpriceschedule_id	version	row_type	partner_gross_price	partner_net_price	salePrice	order_currency_partner_gross_price	order_currency_partner_net_price	supplier_gross_price	supplier_net_price	col2	company_id	company_pricelist_id	company_sub_catalog	TYPE	tlc_ticketpriceschedule_id	resale_currency_level	tlc_dist_per	tlc_hgs_per	tlc_mer_per	tlc_res_per	tlc_comm_on_sale	tlc_is_resale_percentage	tlc_museum_net_commission	tlc_merchant_net_commission	tlc_hotel_commission_net_price	tlc_hgs_commission_net_price	type2	catalog_id	sc_ticketpriceschedule_id	sc_resale_currency_level	sc_dist_per	sc_hgs_per	sc_mer_per	sc_res_per	sc_comm_on_sale	sc_is_resale_percentage	sc_museum_net_commission	sc_merchant_net_commission	sc_hotel_commission_net_price	sc_hgs_commission_net_price	type3	clc_ticketpriceschedule_id	pl_dist_per	pl_hgs_per	pl_mer_per	pl_res_per	pl_comm_on_sale	pl_is_resale_percentage	pl_museum_net_commission	pl_merchant_net_commission	pl_hotel_commission_net_price	pl_hgs_commission_net_price
172754371940143	172754371940143001R	2024-09-28 17:16:03	2024-09-28 17:16:03	6458	830	61426	415014	3	1	125.00	125.00	125.00	125.00	125.00	125.00	125.00	0	6458	830	171640808526563	---TLC LEVEL---	NULL	NULL	NULL	NULL	NULL	NULL	NULL	NULL	NULL	NULL	NULL	NULL	----Sub catalog Level---	171640808526563	415014	1	25.00	75.00	0.00	0.00	1	1	0.00	0.00	31.25	93.75	----Price List Level---	415014	20.00	80.00	0.00	0.00	1	0	0.00	0.00	25.00	100.00
172754371940143	172754371940143001R	2024-09-28 17:16:03	2024-09-28 17:16:03	6458	830	61426	415014	3	2	0.00	0.00	125.00	0.00	0.00	0.00	0.00	0	6458	830	171640808526563	---TLC LEVEL---	NULL	NULL	NULL	NULL	NULL	NULL	NULL	NULL	NULL	NULL	NULL	NULL	----Sub catalog Level---	171640808526563	415014	1	25.00	75.00	0.00	0.00	1	1	0.00	0.00	31.25	93.75	----Price List Level---	415014	20.00	80.00	0.00	0.00	1	0	0.00	0.00	25.00	100.00
172754371940143	172754371940143001R	2024-09-28 17:16:03	2024-09-28 17:16:03	6458	830	61426	415014	3	3	28.75	28.75	125.00	0.00	0.00	31.25	31.25	0	6458	830	171640808526563	---TLC LEVEL---	NULL	NULL	NULL	NULL	NULL	NULL	NULL	NULL	NULL	NULL	NULL	NULL	----Sub catalog Level---	171640808526563	415014	1	25.00	75.00	0.00	0.00	1	1	0.00	0.00	31.25	93.75	----Price List Level---	415014	20.00	80.00	0.00	0.00	1	0	0.00	0.00	25.00	100.00
172754371940143	172754371940143001R	2024-09-28 17:16:03	2024-09-28 17:16:03	6458	830	61426	415014	3	4	96.25	96.25	125.00	125.00	125.00	93.75	93.75	0	6458	830	171640808526563	---TLC LEVEL---	NULL	NULL	NULL	NULL	NULL	NULL	NULL	NULL	NULL	NULL	NULL	NULL	----Sub catalog Level---	171640808526563	415014	1	25.00	75.00	0.00	0.00	1	1	0.00	0.00	31.25	93.75	----Price List Level---	415014	20.00	80.00	0.00	0.00	1	0	0.00	0.00	25.00	100.00
172754371940143	172754371940143001R	2024-09-28 17:16:03	2024-09-28 17:16:03	6458	830	61426	415014	3	17	0.00	0.00	125.00	0.00	0.00	0.00	0.00	0	6458	830	171640808526563	---TLC LEVEL---	NULL	NULL	NULL	NULL	NULL	NULL	NULL	NULL	NULL	NULL	NULL	NULL	----Sub catalog Level---	171640808526563	415014	1	25.00	75.00	0.00	0.00	1	1	0.00	0.00	31.25	93.75	----Price List Level---	415014	20.00	80.00	0.00	0.00	1	0	0.00	0.00	25.00	100.00
172754371940143	172754371940143002R	2024-09-28 17:16:03	2024-09-28 17:16:03	6458	830	61426	415014	3	1	125.00	125.00	125.00	125.00	125.00	125.00	125.00	0	6458	830	171640808526563	---TLC LEVEL---	NULL	NULL	NULL	NULL	NULL	NULL	NULL	NULL	NULL	NULL	NULL	NULL	----Sub catalog Level---	171640808526563	415014	1	25.00	75.00	0.00	0.00	1	1	0.00	0.00	31.25	93.75	----Price List Level---	415014	20.00	80.00	0.00	0.00	1	0	0.00	0.00	25.00	100.00
172754371940143	172754371940143002R	2024-09-28 17:16:03	2024-09-28 17:16:03	6458	830	61426	415014	3	2	0.00	0.00	125.00	0.00	0.00	0.00	0.00	0	6458	830	171640808526563	---TLC LEVEL---	NULL	NULL	NULL	NULL	NULL	NULL	NULL	NULL	NULL	NULL	NULL	NULL	----Sub catalog Level---	171640808526563	415014	1	25.00	75.00	0.00	0.00	1	1	0.00	0.00	31.25	93.75	----Price List Level---	415014	20.00	80.00	0.00	0.00	1	0	0.00	0.00	25.00	100.00
172754371940143	172754371940143002R	2024-09-28 17:16:03	2024-09-28 17:16:03	6458	830	61426	415014	3	3	28.75	28.75	125.00	0.00	0.00	31.25	31.25	0	6458	830	171640808526563	---TLC LEVEL---	NULL	NULL	NULL	NULL	NULL	NULL	NULL	NULL	NULL	NULL	NULL	NULL	----Sub catalog Level---	171640808526563	415014	1	25.00	75.00	0.00	0.00	1	1	0.00	0.00	31.25	93.75	----Price List Level---	415014	20.00	80.00	0.00	0.00	1	0	0.00	0.00	25.00	100.00
172754371940143	172754371940143002R	2024-09-28 17:16:03	2024-09-28 17:16:03	6458	830	61426	415014	3	4	96.25	96.25	125.00	125.00	125.00	93.75	93.75	0	6458	830	171640808526563	---TLC LEVEL---	NULL	NULL	NULL	NULL	NULL	NULL	NULL	NULL	NULL	NULL	NULL	NULL	----Sub catalog Level---	171640808526563	415014	1	25.00	75.00	0.00	0.00	1	1	0.00	0.00	31.25	93.75	----Price List Level---	415014	20.00	80.00	0.00	0.00	1	0	0.00	0.00	25.00	100.00
172754371940143	172754371940143002R	2024-09-28 17:16:03	2024-09-28 17:16:03	6458	830	61426	415014	3	17	0.00	0.00	125.00	0.00	0.00	0.00	0.00	0	6458	830	171640808526563	---TLC LEVEL---	NULL	NULL	NULL	NULL	NULL	NULL	NULL	NULL	NULL	NULL	NULL	NULL	----Sub catalog Level---	171640808526563	415014	1	25.00	75.00	0.00	0.00	1	1	0.00	0.00	31.25	93.75	----Price List Level---	415014	20.00	80.00	0.00	0.00	1	0	0.00	0.00	25.00	100.00
172754371940143	172754371940143003R	2024-10-07 07:47:25	2024-09-28 17:16:03	6458	830	61426	415014	3	1	125.00	125.00	125.00	125.00	125.00	125.00	125.00	0	6458	830	171640808526563	---TLC LEVEL---	NULL	NULL	NULL	NULL	NULL	NULL	NULL	NULL	NULL	NULL	NULL	NULL	----Sub catalog Level---	171640808526563	415014	1	25.00	75.00	0.00	0.00	1	1	0.00	0.00	31.25	93.75	----Price List Level---	415014	20.00	80.00	0.00	0.00	1	0	0.00	0.00	25.00	100.00
172754371940143	172754371940143003R	2024-10-07 07:47:25	2024-09-28 17:16:03	6458	830	61426	415014	3	2	0.00	0.00	125.00	0.00	0.00	0.00	0.00	0	6458	830	171640808526563	---TLC LEVEL---	NULL	NULL	NULL	NULL	NULL	NULL	NULL	NULL	NULL	NULL	NULL	NULL	----Sub catalog Level---	171640808526563	415014	1	25.00	75.00	0.00	0.00	1	1	0.00	0.00	31.25	93.75	----Price List Level---	415014	20.00	80.00	0.00	0.00	1	0	0.00	0.00	25.00	100.00
172754371940143	172754371940143003R	2024-10-07 07:47:25	2024-09-28 17:16:03	6458	830	61426	415014	3	3	28.75	28.75	125.00	0.00	0.00	31.25	31.25	0	6458	830	171640808526563	---TLC LEVEL---	NULL	NULL	NULL	NULL	NULL	NULL	NULL	NULL	NULL	NULL	NULL	NULL	----Sub catalog Level---	171640808526563	415014	1	25.00	75.00	0.00	0.00	1	1	0.00	0.00	31.25	93.75	----Price List Level---	415014	20.00	80.00	0.00	0.00	1	0	0.00	0.00	25.00	100.00
172754371940143	172754371940143003R	2024-10-07 07:47:25	2024-09-28 17:16:03	6458	830	61426	415014	3	4	96.25	96.25	125.00	125.00	125.00	93.75	93.75	0	6458	830	171640808526563	---TLC LEVEL---	NULL	NULL	NULL	NULL	NULL	NULL	NULL	NULL	NULL	NULL	NULL	NULL	----Sub catalog Level---	171640808526563	415014	1	25.00	75.00	0.00	0.00	1	1	0.00	0.00	31.25	93.75	----Price List Level---	415014	20.00	80.00	0.00	0.00	1	0	0.00	0.00	25.00	100.00
172754371940143	172754371940143003R	2024-10-07 07:47:25	2024-09-28 17:16:03	6458	830	61426	415014	3	17	0.00	0.00	125.00	0.00	0.00	0.00	0.00	0	6458	830	171640808526563	---TLC LEVEL---	NULL	NULL	NULL	NULL	NULL	NULL	NULL	NULL	NULL	NULL	NULL	NULL	----Sub catalog Level---	171640808526563	415014	1	25.00	75.00	0.00	0.00	1	1	0.00	0.00	31.25	93.75	----Price List Level---	415014	20.00	80.00	0.00	0.00	1	0	0.00	0.00	25.00	100.00
172754371940143	172754371940143004R	2024-10-07 07:47:25	2024-09-28 17:16:03	6458	830	61426	415014	3	1	125.00	125.00	125.00	125.00	125.00	125.00	125.00	0	6458	830	171640808526563	---TLC LEVEL---	NULL	NULL	NULL	NULL	NULL	NULL	NULL	NULL	NULL	NULL	NULL	NULL	----Sub catalog Level---	171640808526563	415014	1	25.00	75.00	0.00	0.00	1	1	0.00	0.00	31.25	93.75	----Price List Level---	415014	20.00	80.00	0.00	0.00	1	0	0.00	0.00	25.00	100.00
172754371940143	172754371940143004R	2024-10-07 07:47:25	2024-09-28 17:16:03	6458	830	61426	415014	3	2	0.00	0.00	125.00	0.00	0.00	0.00	0.00	0	6458	830	171640808526563	---TLC LEVEL---	NULL	NULL	NULL	NULL	NULL	NULL	NULL	NULL	NULL	NULL	NULL	NULL	----Sub catalog Level---	171640808526563	415014	1	25.00	75.00	0.00	0.00	1	1	0.00	0.00	31.25	93.75	----Price List Level---	415014	20.00	80.00	0.00	0.00	1	0	0.00	0.00	25.00	100.00
172754371940143	172754371940143004R	2024-10-07 07:47:25	2024-09-28 17:16:03	6458	830	61426	415014	3	3	28.75	28.75	125.00	0.00	0.00	31.25	31.25	0	6458	830	171640808526563	---TLC LEVEL---	NULL	NULL	NULL	NULL	NULL	NULL	NULL	NULL	NULL	NULL	NULL	NULL	----Sub catalog Level---	171640808526563	415014	1	25.00	75.00	0.00	0.00	1	1	0.00	0.00	31.25	93.75	----Price List Level---	415014	20.00	80.00	0.00	0.00	1	0	0.00	0.00	25.00	100.00
172754371940143	172754371940143004R	2024-10-07 07:47:25	2024-09-28 17:16:03	6458	830	61426	415014	3	4	96.25	96.25	125.00	125.00	125.00	93.75	93.75	0	6458	830	171640808526563	---TLC LEVEL---	NULL	NULL	NULL	NULL	NULL	NULL	NULL	NULL	NULL	NULL	NULL	NULL	----Sub catalog Level---	171640808526563	415014	1	25.00	75.00	0.00	0.00	1	1	0.00	0.00	31.25	93.75	----Price List Level---	415014	20.00	80.00	0.00	0.00	1	0	0.00	0.00	25.00	100.00
172754371940143	172754371940143004R	2024-10-07 07:47:25	2024-09-28 17:16:03	6458	830	61426	415014	3	17	0.00	0.00	125.00	0.00	0.00	0.00	0.00	0	6458	830	171640808526563	---TLC LEVEL---	NULL	NULL	NULL	NULL	NULL	NULL	NULL	NULL	NULL	NULL	NULL	NULL	----Sub catalog Level---	171640808526563	415014	1	25.00	75.00	0.00	0.00	1	1	0.00	0.00	31.25	93.75	----Price List Level---	415014	20.00	80.00	0.00	0.00	1	0	0.00	0.00	25.00	100.00
172754371940143	172754371940143005R	2024-10-07 07:47:26	2024-09-28 17:16:03	6458	830	61426	415014	3	1	125.00	125.00	125.00	125.00	125.00	125.00	125.00	0	6458	830	171640808526563	---TLC LEVEL---	NULL	NULL	NULL	NULL	NULL	NULL	NULL	NULL	NULL	NULL	NULL	NULL	----Sub catalog Level---	171640808526563	415014	1	25.00	75.00	0.00	0.00	1	1	0.00	0.00	31.25	93.75	----Price List Level---	415014	20.00	80.00	0.00	0.00	1	0	0.00	0.00	25.00	100.00
172754371940143	172754371940143005R	2024-10-07 07:47:26	2024-09-28 17:16:03	6458	830	61426	415014	3	2	0.00	0.00	125.00	0.00	0.00	0.00	0.00	0	6458	830	171640808526563	---TLC LEVEL---	NULL	NULL	NULL	NULL	NULL	NULL	NULL	NULL	NULL	NULL	NULL	NULL	----Sub catalog Level---	171640808526563	415014	1	25.00	75.00	0.00	0.00	1	1	0.00	0.00	31.25	93.75	----Price List Level---	415014	20.00	80.00	0.00	0.00	1	0	0.00	0.00	25.00	100.00
172754371940143	172754371940143005R	2024-10-07 07:47:26	2024-09-28 17:16:03	6458	830	61426	415014	3	3	28.75	28.75	125.00	0.00	0.00	31.25	31.25	0	6458	830	171640808526563	---TLC LEVEL---	NULL	NULL	NULL	NULL	NULL	NULL	NULL	NULL	NULL	NULL	NULL	NULL	----Sub catalog Level---	171640808526563	415014	1	25.00	75.00	0.00	0.00	1	1	0.00	0.00	31.25	93.75	----Price List Level---	415014	20.00	80.00	0.00	0.00	1	0	0.00	0.00	25.00	100.00
172754371940143	172754371940143005R	2024-10-07 07:47:26	2024-09-28 17:16:03	6458	830	61426	415014	3	4	96.25	96.25	125.00	125.00	125.00	93.75	93.75	0	6458	830	171640808526563	---TLC LEVEL---	NULL	NULL	NULL	NULL	NULL	NULL	NULL	NULL	NULL	NULL	NULL	NULL	----Sub catalog Level---	171640808526563	415014	1	25.00	75.00	0.00	0.00	1	1	0.00	0.00	31.25	93.75	----Price List Level---	415014	20.00	80.00	0.00	0.00	1	0	0.00	0.00	25.00	100.00
172754371940143	172754371940143005R	2024-10-07 07:47:26	2024-09-28 17:16:03	6458	830	61426	415014	3	17	0.00	0.00	125.00	0.00	0.00	0.00	0.00	0	6458	830	171640808526563	---TLC LEVEL---	NULL	NULL	NULL	NULL	NULL	NULL	NULL	NULL	NULL	NULL	NULL	NULL	----Sub catalog Level---	171640808526563	415014	1	25.00	75.00	0.00	0.00	1	1	0.00	0.00	31.25	93.75	----Price List Level---	415014	20.00	80.00	0.00	0.00	1	0	0.00	0.00	25.00	100.00
172754371940143	172754371940143006R	2024-10-07 07:47:26	2024-09-28 17:16:03	6458	830	61426	415014	3	1	125.00	125.00	125.00	125.00	125.00	125.00	125.00	0	6458	830	171640808526563	---TLC LEVEL---	NULL	NULL	NULL	NULL	NULL	NULL	NULL	NULL	NULL	NULL	NULL	NULL	----Sub catalog Level---	171640808526563	415014	1	25.00	75.00	0.00	0.00	1	1	0.00	0.00	31.25	93.75	----Price List Level---	415014	20.00	80.00	0.00	0.00	1	0	0.00	0.00	25.00	100.00
172754371940143	172754371940143006R	2024-10-07 07:47:26	2024-09-28 17:16:03	6458	830	61426	415014	3	2	0.00	0.00	125.00	0.00	0.00	0.00	0.00	0	6458	830	171640808526563	---TLC LEVEL---	NULL	NULL	NULL	NULL	NULL	NULL	NULL	NULL	NULL	NULL	NULL	NULL	----Sub catalog Level---	171640808526563	415014	1	25.00	75.00	0.00	0.00	1	1	0.00	0.00	31.25	93.75	----Price List Level---	415014	20.00	80.00	0.00	0.00	1	0	0.00	0.00	25.00	100.00
172754371940143	172754371940143006R	2024-10-07 07:47:26	2024-09-28 17:16:03	6458	830	61426	415014	3	3	28.75	28.75	125.00	0.00	0.00	31.25	31.25	0	6458	830	171640808526563	---TLC LEVEL---	NULL	NULL	NULL	NULL	NULL	NULL	NULL	NULL	NULL	NULL	NULL	NULL	----Sub catalog Level---	171640808526563	415014	1	25.00	75.00	0.00	0.00	1	1	0.00	0.00	31.25	93.75	----Price List Level---	415014	20.00	80.00	0.00	0.00	1	0	0.00	0.00	25.00	100.00
172754371940143	172754371940143006R	2024-10-07 07:47:26	2024-09-28 17:16:03	6458	830	61426	415014	3	4	96.25	96.25	125.00	125.00	125.00	93.75	93.75	0	6458	830	171640808526563	---TLC LEVEL---	NULL	NULL	NULL	NULL	NULL	NULL	NULL	NULL	NULL	NULL	NULL	NULL	----Sub catalog Level---	171640808526563	415014	1	25.00	75.00	0.00	0.00	1	1	0.00	0.00	31.25	93.75	----Price List Level---	415014	20.00	80.00	0.00	0.00	1	0	0.00	0.00	25.00	100.00
172754371940143	172754371940143006R	2024-10-07 07:47:26	2024-09-28 17:16:03	6458	830	61426	415014	3	17	0.00	0.00	125.00	0.00	0.00	0.00	0.00	0	6458	830	171640808526563	---TLC LEVEL---	NULL	NULL	NULL	NULL	NULL	NULL	NULL	NULL	NULL	NULL	NULL	NULL	----Sub catalog Level---	171640808526563	415014	1	25.00	75.00	0.00	0.00	1	1	0.00	0.00	31.25	93.75	----Price List Level---	415014	20.00	80.00	0.00	0.00	1	0	0.00	0.00	25.00	100.00
vt_group_no	transaction_id	order_confirm_date	created_date	hotel_id	channel_id	ticketId	ticketpriceschedule_id	version	row_type	partner_gross_price	partner_net_price	salePrice	order_currency_partner_gross_price	order_currency_partner_net_price	supplier_gross_price	supplier_net_price	col2	company_id	company_pricelist_id	company_sub_catalog	TYPE	tlc_ticketpriceschedule_id	resale_currency_level	tlc_dist_per	tlc_hgs_per	tlc_mer_per	tlc_res_per	tlc_comm_on_sale	tlc_is_resale_percentage	tlc_museum_net_commission	tlc_merchant_net_commission	tlc_hotel_commission_net_price	tlc_hgs_commission_net_price	type2	catalog_id	sc_ticketpriceschedule_id	sc_resale_currency_level	sc_dist_per	sc_hgs_per	sc_mer_per	sc_res_per	sc_comm_on_sale	sc_is_resale_percentage	sc_museum_net_commission	sc_merchant_net_commission	sc_hotel_commission_net_price	sc_hgs_commission_net_price	type3	clc_ticketpriceschedule_id	pl_dist_per	pl_hgs_per	pl_mer_per	pl_res_per	pl_comm_on_sale	pl_is_resale_percentage	pl_museum_net_commission	pl_merchant_net_commission	pl_hotel_commission_net_price	pl_hgs_commission_net_price
172726137543180	172726137543180001R	2024-09-25 10:49:42	2024-09-25 10:49:42	6458	830	61426	415014	2	1	125.00	125.00	125.00	125.00	125.00	125.00	125.00	0	6458	830	171640808526563	---TLC LEVEL---	NULL	NULL	NULL	NULL	NULL	NULL	NULL	NULL	NULL	NULL	NULL	NULL	----Sub catalog Level---	171640808526563	415014	1	25.00	75.00	0.00	0.00	1	1	0.00	0.00	31.25	93.75	----Price List Level---	415014	20.00	80.00	0.00	0.00	1	0	0.00	0.00	25.00	100.00
172726137543180	172726137543180001R	2024-09-25 10:49:42	2024-09-25 10:49:42	6458	830	61426	415014	2	2	0.00	0.00	125.00	0.00	0.00	0.00	0.00	0	6458	830	171640808526563	---TLC LEVEL---	NULL	NULL	NULL	NULL	NULL	NULL	NULL	NULL	NULL	NULL	NULL	NULL	----Sub catalog Level---	171640808526563	415014	1	25.00	75.00	0.00	0.00	1	1	0.00	0.00	31.25	93.75	----Price List Level---	415014	20.00	80.00	0.00	0.00	1	0	0.00	0.00	25.00	100.00
172726137543180	172726137543180001R	2024-09-25 10:49:42	2024-09-25 10:49:42	6458	830	61426	415014	2	3	28.75	28.75	125.00	0.00	0.00	31.25	31.25	0	6458	830	171640808526563	---TLC LEVEL---	NULL	NULL	NULL	NULL	NULL	NULL	NULL	NULL	NULL	NULL	NULL	NULL	----Sub catalog Level---	171640808526563	415014	1	25.00	75.00	0.00	0.00	1	1	0.00	0.00	31.25	93.75	----Price List Level---	415014	20.00	80.00	0.00	0.00	1	0	0.00	0.00	25.00	100.00
172726137543180	172726137543180001R	2024-09-25 10:49:42	2024-09-25 10:49:42	6458	830	61426	415014	2	4	96.25	96.25	125.00	125.00	125.00	93.75	93.75	0	6458	830	171640808526563	---TLC LEVEL---	NULL	NULL	NULL	NULL	NULL	NULL	NULL	NULL	NULL	NULL	NULL	NULL	----Sub catalog Level---	171640808526563	415014	1	25.00	75.00	0.00	0.00	1	1	0.00	0.00	31.25	93.75	----Price List Level---	415014	20.00	80.00	0.00	0.00	1	0	0.00	0.00	25.00	100.00
172726137543180	172726137543180001R	2024-09-25 10:49:42	2024-09-25 10:49:42	6458	830	61426	415014	2	17	0.00	0.00	125.00	0.00	0.00	0.00	0.00	0	6458	830	171640808526563	---TLC LEVEL---	NULL	NULL	NULL	NULL	NULL	NULL	NULL	NULL	NULL	NULL	NULL	NULL	----Sub catalog Level---	171640808526563	415014	1	25.00	75.00	0.00	0.00	1	1	0.00	0.00	31.25	93.75	----Price List Level---	415014	20.00	80.00	0.00	0.00	1	0	0.00	0.00	25.00	100.00
172726137543180	172726137543180002R	2024-09-25 10:49:42	2024-09-25 10:49:42	6458	830	61426	415014	2	1	125.00	125.00	125.00	125.00	125.00	125.00	125.00	0	6458	830	171640808526563	---TLC LEVEL---	NULL	NULL	NULL	NULL	NULL	NULL	NULL	NULL	NULL	NULL	NULL	NULL	----Sub catalog Level---	171640808526563	415014	1	25.00	75.00	0.00	0.00	1	1	0.00	0.00	31.25	93.75	----Price List Level---	415014	20.00	80.00	0.00	0.00	1	0	0.00	0.00	25.00	100.00
172726137543180	172726137543180002R	2024-09-25 10:49:42	2024-09-25 10:49:42	6458	830	61426	415014	2	2	0.00	0.00	125.00	0.00	0.00	0.00	0.00	0	6458	830	171640808526563	---TLC LEVEL---	NULL	NULL	NULL	NULL	NULL	NULL	NULL	NULL	NULL	NULL	NULL	NULL	----Sub catalog Level---	171640808526563	415014	1	25.00	75.00	0.00	0.00	1	1	0.00	0.00	31.25	93.75	----Price List Level---	415014	20.00	80.00	0.00	0.00	1	0	0.00	0.00	25.00	100.00
172726137543180	172726137543180002R	2024-09-25 10:49:42	2024-09-25 10:49:42	6458	830	61426	415014	2	3	28.75	28.75	125.00	0.00	0.00	31.25	31.25	0	6458	830	171640808526563	---TLC LEVEL---	NULL	NULL	NULL	NULL	NULL	NULL	NULL	NULL	NULL	NULL	NULL	NULL	----Sub catalog Level---	171640808526563	415014	1	25.00	75.00	0.00	0.00	1	1	0.00	0.00	31.25	93.75	----Price List Level---	415014	20.00	80.00	0.00	0.00	1	0	0.00	0.00	25.00	100.00
172726137543180	172726137543180002R	2024-09-25 10:49:42	2024-09-25 10:49:42	6458	830	61426	415014	2	4	96.25	96.25	125.00	125.00	125.00	93.75	93.75	0	6458	830	171640808526563	---TLC LEVEL---	NULL	NULL	NULL	NULL	NULL	NULL	NULL	NULL	NULL	NULL	NULL	NULL	----Sub catalog Level---	171640808526563	415014	1	25.00	75.00	0.00	0.00	1	1	0.00	0.00	31.25	93.75	----Price List Level---	415014	20.00	80.00	0.00	0.00	1	0	0.00	0.00	25.00	100.00
172726137543180	172726137543180002R	2024-09-25 10:49:42	2024-09-25 10:49:42	6458	830	61426	415014	2	17	0.00	0.00	125.00	0.00	0.00	0.00	0.00	0	6458	830	171640808526563	---TLC LEVEL---	NULL	NULL	NULL	NULL	NULL	NULL	NULL	NULL	NULL	NULL	NULL	NULL	----Sub catalog Level---	171640808526563	415014	1	25.00	75.00	0.00	0.00	1	1	0.00	0.00	31.25	93.75	----Price List Level---	415014	20.00	80.00	0.00	0.00	1	0	0.00	0.00	25.00	100.00
vt_group_no	transaction_id	order_confirm_date	created_date	hotel_id	channel_id	ticketId	ticketpriceschedule_id	version	row_type	partner_gross_price	partner_net_price	salePrice	order_currency_partner_gross_price	order_currency_partner_net_price	supplier_gross_price	supplier_net_price	col2	company_id	company_pricelist_id	company_sub_catalog	TYPE	tlc_ticketpriceschedule_id	resale_currency_level	tlc_dist_per	tlc_hgs_per	tlc_mer_per	tlc_res_per	tlc_comm_on_sale	tlc_is_resale_percentage	tlc_museum_net_commission	tlc_merchant_net_commission	tlc_hotel_commission_net_price	tlc_hgs_commission_net_price	type2	catalog_id	sc_ticketpriceschedule_id	sc_resale_currency_level	sc_dist_per	sc_hgs_per	sc_mer_per	sc_res_per	sc_comm_on_sale	sc_is_resale_percentage	sc_museum_net_commission	sc_merchant_net_commission	sc_hotel_commission_net_price	sc_hgs_commission_net_price	type3	clc_ticketpriceschedule_id	pl_dist_per	pl_hgs_per	pl_mer_per	pl_res_per	pl_comm_on_sale	pl_is_resale_percentage	pl_museum_net_commission	pl_merchant_net_commission	pl_hotel_commission_net_price	pl_hgs_commission_net_price
172787220654645	172787220654645001R	2024-10-02 12:31:02	2024-10-02 12:31:02	6458	830	61426	415014	2	1	125.00	125.00	125.00	125.00	125.00	125.00	125.00	0	6458	830	171640808526563	---TLC LEVEL---	NULL	NULL	NULL	NULL	NULL	NULL	NULL	NULL	NULL	NULL	NULL	NULL	----Sub catalog Level---	171640808526563	415014	1	25.00	75.00	0.00	0.00	1	1	0.00	0.00	31.25	93.75	----Price List Level---	415014	20.00	80.00	0.00	0.00	1	0	0.00	0.00	25.00	100.00
172787220654645	172787220654645001R	2024-10-02 12:31:02	2024-10-02 12:31:02	6458	830	61426	415014	2	2	0.00	0.00	125.00	0.00	0.00	0.00	0.00	0	6458	830	171640808526563	---TLC LEVEL---	NULL	NULL	NULL	NULL	NULL	NULL	NULL	NULL	NULL	NULL	NULL	NULL	----Sub catalog Level---	171640808526563	415014	1	25.00	75.00	0.00	0.00	1	1	0.00	0.00	31.25	93.75	----Price List Level---	415014	20.00	80.00	0.00	0.00	1	0	0.00	0.00	25.00	100.00
172787220654645	172787220654645001R	2024-10-02 12:31:02	2024-10-02 12:31:02	6458	830	61426	415014	2	3	28.75	28.75	125.00	0.00	0.00	31.25	31.25	0	6458	830	171640808526563	---TLC LEVEL---	NULL	NULL	NULL	NULL	NULL	NULL	NULL	NULL	NULL	NULL	NULL	NULL	----Sub catalog Level---	171640808526563	415014	1	25.00	75.00	0.00	0.00	1	1	0.00	0.00	31.25	93.75	----Price List Level---	415014	20.00	80.00	0.00	0.00	1	0	0.00	0.00	25.00	100.00
172787220654645	172787220654645001R	2024-10-02 12:31:02	2024-10-02 12:31:02	6458	830	61426	415014	2	4	96.25	96.25	125.00	125.00	125.00	93.75	93.75	0	6458	830	171640808526563	---TLC LEVEL---	NULL	NULL	NULL	NULL	NULL	NULL	NULL	NULL	NULL	NULL	NULL	NULL	----Sub catalog Level---	171640808526563	415014	1	25.00	75.00	0.00	0.00	1	1	0.00	0.00	31.25	93.75	----Price List Level---	415014	20.00	80.00	0.00	0.00	1	0	0.00	0.00	25.00	100.00
172787220654645	172787220654645001R	2024-10-02 12:31:02	2024-10-02 12:31:02	6458	830	61426	415014	2	17	0.00	0.00	125.00	0.00	0.00	0.00	0.00	0	6458	830	171640808526563	---TLC LEVEL---	NULL	NULL	NULL	NULL	NULL	NULL	NULL	NULL	NULL	NULL	NULL	NULL	----Sub catalog Level---	171640808526563	415014	1	25.00	75.00	0.00	0.00	1	1	0.00	0.00	31.25	93.75	----Price List Level---	415014	20.00	80.00	0.00	0.00	1	0	0.00	0.00	25.00	100.00
172787220654645	172787220654645002R	2024-10-02 12:31:02	2024-10-02 12:31:02	6458	830	61426	415014	2	1	125.00	125.00	125.00	125.00	125.00	125.00	125.00	0	6458	830	171640808526563	---TLC LEVEL---	NULL	NULL	NULL	NULL	NULL	NULL	NULL	NULL	NULL	NULL	NULL	NULL	----Sub catalog Level---	171640808526563	415014	1	25.00	75.00	0.00	0.00	1	1	0.00	0.00	31.25	93.75	----Price List Level---	415014	20.00	80.00	0.00	0.00	1	0	0.00	0.00	25.00	100.00
172787220654645	172787220654645002R	2024-10-02 12:31:02	2024-10-02 12:31:02	6458	830	61426	415014	2	2	0.00	0.00	125.00	0.00	0.00	0.00	0.00	0	6458	830	171640808526563	---TLC LEVEL---	NULL	NULL	NULL	NULL	NULL	NULL	NULL	NULL	NULL	NULL	NULL	NULL	----Sub catalog Level---	171640808526563	415014	1	25.00	75.00	0.00	0.00	1	1	0.00	0.00	31.25	93.75	----Price List Level---	415014	20.00	80.00	0.00	0.00	1	0	0.00	0.00	25.00	100.00
172787220654645	172787220654645002R	2024-10-02 12:31:02	2024-10-02 12:31:02	6458	830	61426	415014	2	3	28.75	28.75	125.00	0.00	0.00	31.25	31.25	0	6458	830	171640808526563	---TLC LEVEL---	NULL	NULL	NULL	NULL	NULL	NULL	NULL	NULL	NULL	NULL	NULL	NULL	----Sub catalog Level---	171640808526563	415014	1	25.00	75.00	0.00	0.00	1	1	0.00	0.00	31.25	93.75	----Price List Level---	415014	20.00	80.00	0.00	0.00	1	0	0.00	0.00	25.00	100.00
172787220654645	172787220654645002R	2024-10-02 12:31:02	2024-10-02 12:31:02	6458	830	61426	415014	2	4	96.25	96.25	125.00	125.00	125.00	93.75	93.75	0	6458	830	171640808526563	---TLC LEVEL---	NULL	NULL	NULL	NULL	NULL	NULL	NULL	NULL	NULL	NULL	NULL	NULL	----Sub catalog Level---	171640808526563	415014	1	25.00	75.00	0.00	0.00	1	1	0.00	0.00	31.25	93.75	----Price List Level---	415014	20.00	80.00	0.00	0.00	1	0	0.00	0.00	25.00	100.00
172787220654645	172787220654645002R	2024-10-02 12:31:02	2024-10-02 12:31:02	6458	830	61426	415014	2	17	0.00	0.00	125.00	0.00	0.00	0.00	0.00	0	6458	830	171640808526563	---TLC LEVEL---	NULL	NULL	NULL	NULL	NULL	NULL	NULL	NULL	NULL	NULL	NULL	NULL	----Sub catalog Level---	171640808526563	415014	1	25.00	75.00	0.00	0.00	1	1	0.00	0.00	31.25	93.75	----Price List Level---	415014	20.00	80.00	0.00	0.00	1	0	0.00	0.00	25.00	100.00
vt_group_no	transaction_id	order_confirm_date	created_date	hotel_id	channel_id	ticketId	ticketpriceschedule_id	version	row_type	partner_gross_price	partner_net_price	salePrice	order_currency_partner_gross_price	order_currency_partner_net_price	supplier_gross_price	supplier_net_price	col2	company_id	company_pricelist_id	company_sub_catalog	TYPE	tlc_ticketpriceschedule_id	resale_currency_level	tlc_dist_per	tlc_hgs_per	tlc_mer_per	tlc_res_per	tlc_comm_on_sale	tlc_is_resale_percentage	tlc_museum_net_commission	tlc_merchant_net_commission	tlc_hotel_commission_net_price	tlc_hgs_commission_net_price	type2	catalog_id	sc_ticketpriceschedule_id	sc_resale_currency_level	sc_dist_per	sc_hgs_per	sc_mer_per	sc_res_per	sc_comm_on_sale	sc_is_resale_percentage	sc_museum_net_commission	sc_merchant_net_commission	sc_hotel_commission_net_price	sc_hgs_commission_net_price	type3	clc_ticketpriceschedule_id	pl_dist_per	pl_hgs_per	pl_mer_per	pl_res_per	pl_comm_on_sale	pl_is_resale_percentage	pl_museum_net_commission	pl_merchant_net_commission	pl_hotel_commission_net_price	pl_hgs_commission_net_price
172795715246714	172795715246714001R	2024-10-03 12:06:28	2024-10-03 12:06:28	6458	830	61426	415014	2	1	125.00	125.00	125.00	125.00	125.00	125.00	125.00	0	6458	830	171640808526563	---TLC LEVEL---	NULL	NULL	NULL	NULL	NULL	NULL	NULL	NULL	NULL	NULL	NULL	NULL	----Sub catalog Level---	171640808526563	415014	1	25.00	75.00	0.00	0.00	1	1	0.00	0.00	31.25	93.75	----Price List Level---	415014	20.00	80.00	0.00	0.00	1	0	0.00	0.00	25.00	100.00
172795715246714	172795715246714001R	2024-10-03 12:06:28	2024-10-03 12:06:28	6458	830	61426	415014	2	2	0.00	0.00	125.00	0.00	0.00	0.00	0.00	0	6458	830	171640808526563	---TLC LEVEL---	NULL	NULL	NULL	NULL	NULL	NULL	NULL	NULL	NULL	NULL	NULL	NULL	----Sub catalog Level---	171640808526563	415014	1	25.00	75.00	0.00	0.00	1	1	0.00	0.00	31.25	93.75	----Price List Level---	415014	20.00	80.00	0.00	0.00	1	0	0.00	0.00	25.00	100.00
172795715246714	172795715246714001R	2024-10-03 12:06:28	2024-10-03 12:06:28	6458	830	61426	415014	2	3	28.75	28.75	125.00	0.00	0.00	31.25	31.25	0	6458	830	171640808526563	---TLC LEVEL---	NULL	NULL	NULL	NULL	NULL	NULL	NULL	NULL	NULL	NULL	NULL	NULL	----Sub catalog Level---	171640808526563	415014	1	25.00	75.00	0.00	0.00	1	1	0.00	0.00	31.25	93.75	----Price List Level---	415014	20.00	80.00	0.00	0.00	1	0	0.00	0.00	25.00	100.00
172795715246714	172795715246714001R	2024-10-03 12:06:28	2024-10-03 12:06:28	6458	830	61426	415014	2	4	96.25	96.25	125.00	125.00	125.00	93.75	93.75	0	6458	830	171640808526563	---TLC LEVEL---	NULL	NULL	NULL	NULL	NULL	NULL	NULL	NULL	NULL	NULL	NULL	NULL	----Sub catalog Level---	171640808526563	415014	1	25.00	75.00	0.00	0.00	1	1	0.00	0.00	31.25	93.75	----Price List Level---	415014	20.00	80.00	0.00	0.00	1	0	0.00	0.00	25.00	100.00
172795715246714	172795715246714001R	2024-10-03 12:06:28	2024-10-03 12:06:28	6458	830	61426	415014	2	17	0.00	0.00	125.00	0.00	0.00	0.00	0.00	0	6458	830	171640808526563	---TLC LEVEL---	NULL	NULL	NULL	NULL	NULL	NULL	NULL	NULL	NULL	NULL	NULL	NULL	----Sub catalog Level---	171640808526563	415014	1	25.00	75.00	0.00	0.00	1	1	0.00	0.00	31.25	93.75	----Price List Level---	415014	20.00	80.00	0.00	0.00	1	0	0.00	0.00	25.00	100.00
172795715246714	172795715246714002R	2024-10-03 12:06:28	2024-10-03 12:06:28	6458	830	61426	415014	2	1	125.00	125.00	125.00	125.00	125.00	125.00	125.00	0	6458	830	171640808526563	---TLC LEVEL---	NULL	NULL	NULL	NULL	NULL	NULL	NULL	NULL	NULL	NULL	NULL	NULL	----Sub catalog Level---	171640808526563	415014	1	25.00	75.00	0.00	0.00	1	1	0.00	0.00	31.25	93.75	----Price List Level---	415014	20.00	80.00	0.00	0.00	1	0	0.00	0.00	25.00	100.00
172795715246714	172795715246714002R	2024-10-03 12:06:28	2024-10-03 12:06:28	6458	830	61426	415014	2	2	0.00	0.00	125.00	0.00	0.00	0.00	0.00	0	6458	830	171640808526563	---TLC LEVEL---	NULL	NULL	NULL	NULL	NULL	NULL	NULL	NULL	NULL	NULL	NULL	NULL	----Sub catalog Level---	171640808526563	415014	1	25.00	75.00	0.00	0.00	1	1	0.00	0.00	31.25	93.75	----Price List Level---	415014	20.00	80.00	0.00	0.00	1	0	0.00	0.00	25.00	100.00
172795715246714	172795715246714002R	2024-10-03 12:06:28	2024-10-03 12:06:28	6458	830	61426	415014	2	3	28.75	28.75	125.00	0.00	0.00	31.25	31.25	0	6458	830	171640808526563	---TLC LEVEL---	NULL	NULL	NULL	NULL	NULL	NULL	NULL	NULL	NULL	NULL	NULL	NULL	----Sub catalog Level---	171640808526563	415014	1	25.00	75.00	0.00	0.00	1	1	0.00	0.00	31.25	93.75	----Price List Level---	415014	20.00	80.00	0.00	0.00	1	0	0.00	0.00	25.00	100.00
172795715246714	172795715246714002R	2024-10-03 12:06:28	2024-10-03 12:06:28	6458	830	61426	415014	2	4	96.25	96.25	125.00	125.00	125.00	93.75	93.75	0	6458	830	171640808526563	---TLC LEVEL---	NULL	NULL	NULL	NULL	NULL	NULL	NULL	NULL	NULL	NULL	NULL	NULL	----Sub catalog Level---	171640808526563	415014	1	25.00	75.00	0.00	0.00	1	1	0.00	0.00	31.25	93.75	----Price List Level---	415014	20.00	80.00	0.00	0.00	1	0	0.00	0.00	25.00	100.00
172795715246714	172795715246714002R	2024-10-03 12:06:28	2024-10-03 12:06:28	6458	830	61426	415014	2	17	0.00	0.00	125.00	0.00	0.00	0.00	0.00	0	6458	830	171640808526563	---TLC LEVEL---	NULL	NULL	NULL	NULL	NULL	NULL	NULL	NULL	NULL	NULL	NULL	NULL	----Sub catalog Level---	171640808526563	415014	1	25.00	75.00	0.00	0.00	1	1	0.00	0.00	31.25	93.75	----Price List Level---	415014	20.00	80.00	0.00	0.00	1	0	0.00	0.00	25.00	100.00
vt_group_no	transaction_id	order_confirm_date	created_date	hotel_id	channel_id	ticketId	ticketpriceschedule_id	version	row_type	partner_gross_price	partner_net_price	salePrice	order_currency_partner_gross_price	order_currency_partner_net_price	supplier_gross_price	supplier_net_price	col2	company_id	company_pricelist_id	company_sub_catalog	TYPE	tlc_ticketpriceschedule_id	resale_currency_level	tlc_dist_per	tlc_hgs_per	tlc_mer_per	tlc_res_per	tlc_comm_on_sale	tlc_is_resale_percentage	tlc_museum_net_commission	tlc_merchant_net_commission	tlc_hotel_commission_net_price	tlc_hgs_commission_net_price	type2	catalog_id	sc_ticketpriceschedule_id	sc_resale_currency_level	sc_dist_per	sc_hgs_per	sc_mer_per	sc_res_per	sc_comm_on_sale	sc_is_resale_percentage	sc_museum_net_commission	sc_merchant_net_commission	sc_hotel_commission_net_price	sc_hgs_commission_net_price	type3	clc_ticketpriceschedule_id	pl_dist_per	pl_hgs_per	pl_mer_per	pl_res_per	pl_comm_on_sale	pl_is_resale_percentage	pl_museum_net_commission	pl_merchant_net_commission	pl_hotel_commission_net_price	pl_hgs_commission_net_price
172907827049642	172907827049642043R	2024-10-16 11:34:13	2024-10-16 11:31:49	8423	830	13931	339573	6	1	125.00	125.00	125.00	125.00	125.00	125.00	125.00	0	8423	830	171640808526563	---TLC LEVEL---	NULL	NULL	NULL	NULL	NULL	NULL	NULL	NULL	NULL	NULL	NULL	NULL	----Sub catalog Level---	NULL	NULL	NULL	NULL	NULL	NULL	NULL	NULL	NULL	NULL	NULL	NULL	NULL	----Price List Level---	339573	25.00	75.00	0.00	0.00	1	0	53.51	0.00	31.25	40.24
172907827049642	172907827049642043R	2024-10-16 11:34:13	2024-10-16 11:31:49	8423	830	13931	339573	6	2	53.51	53.51	125.00	0.00	0.00	20.21	20.21	0	8423	830	171640808526563	---TLC LEVEL---	NULL	NULL	NULL	NULL	NULL	NULL	NULL	NULL	NULL	NULL	NULL	NULL	----Sub catalog Level---	NULL	NULL	NULL	NULL	NULL	NULL	NULL	NULL	NULL	NULL	NULL	NULL	NULL	----Price List Level---	339573	25.00	75.00	0.00	0.00	1	0	53.51	0.00	31.25	40.24
172907827049642	172907827049642043R	2024-10-16 11:34:13	2024-10-16 11:31:49	8423	830	13931	339573	6	3	31.25	31.25	125.00	0.00	0.00	37.50	37.50	0	8423	830	171640808526563	---TLC LEVEL---	NULL	NULL	NULL	NULL	NULL	NULL	NULL	NULL	NULL	NULL	NULL	NULL	----Sub catalog Level---	NULL	NULL	NULL	NULL	NULL	NULL	NULL	NULL	NULL	NULL	NULL	NULL	NULL	----Price List Level---	339573	25.00	75.00	0.00	0.00	1	0	53.51	0.00	31.25	40.24
172907827049642	172907827049642043R	2024-10-16 11:34:13	2024-10-16 11:31:49	8423	830	13931	339573	6	4	40.24	40.24	125.00	125.00	125.00	33.99	33.99	0	8423	830	171640808526563	---TLC LEVEL---	NULL	NULL	NULL	NULL	NULL	NULL	NULL	NULL	NULL	NULL	NULL	NULL	----Sub catalog Level---	NULL	NULL	NULL	NULL	NULL	NULL	NULL	NULL	NULL	NULL	NULL	NULL	NULL	----Price List Level---	339573	25.00	75.00	0.00	0.00	1	0	53.51	0.00	31.25	40.24
172907827049642	172907827049642043R	2024-10-16 11:34:13	2024-10-16 11:31:49	8423	830	13931	339573	6	17	0.00	0.00	125.00	0.00	0.00	0.00	0.00	0	8423	830	171640808526563	---TLC LEVEL---	NULL	NULL	NULL	NULL	NULL	NULL	NULL	NULL	NULL	NULL	NULL	NULL	----Sub catalog Level---	NULL	NULL	NULL	NULL	NULL	NULL	NULL	NULL	NULL	NULL	NULL	NULL	NULL	----Price List Level---	339573	25.00	75.00	0.00	0.00	1	0	53.51	0.00	31.25	40.24
172907827049642	172907827049642049R	2024-10-16 11:34:55	2024-10-16 11:31:49	8423	830	13931	339573	6	1	125.00	125.00	125.00	125.00	125.00	125.00	125.00	0	8423	830	171640808526563	---TLC LEVEL---	NULL	NULL	NULL	NULL	NULL	NULL	NULL	NULL	NULL	NULL	NULL	NULL	----Sub catalog Level---	NULL	NULL	NULL	NULL	NULL	NULL	NULL	NULL	NULL	NULL	NULL	NULL	NULL	----Price List Level---	339573	25.00	75.00	0.00	0.00	1	0	53.51	0.00	31.25	40.24
172907827049642	172907827049642049R	2024-10-16 11:34:55	2024-10-16 11:31:49	8423	830	13931	339573	6	2	53.51	53.51	125.00	0.00	0.00	20.21	20.21	0	8423	830	171640808526563	---TLC LEVEL---	NULL	NULL	NULL	NULL	NULL	NULL	NULL	NULL	NULL	NULL	NULL	NULL	----Sub catalog Level---	NULL	NULL	NULL	NULL	NULL	NULL	NULL	NULL	NULL	NULL	NULL	NULL	NULL	----Price List Level---	339573	25.00	75.00	0.00	0.00	1	0	53.51	0.00	31.25	40.24
172907827049642	172907827049642049R	2024-10-16 11:34:55	2024-10-16 11:31:49	8423	830	13931	339573	6	3	31.25	31.25	125.00	0.00	0.00	37.50	37.50	0	8423	830	171640808526563	---TLC LEVEL---	NULL	NULL	NULL	NULL	NULL	NULL	NULL	NULL	NULL	NULL	NULL	NULL	----Sub catalog Level---	NULL	NULL	NULL	NULL	NULL	NULL	NULL	NULL	NULL	NULL	NULL	NULL	NULL	----Price List Level---	339573	25.00	75.00	0.00	0.00	1	0	53.51	0.00	31.25	40.24
172907827049642	172907827049642049R	2024-10-16 11:34:55	2024-10-16 11:31:49	8423	830	13931	339573	6	4	40.24	40.24	125.00	125.00	125.00	33.99	33.99	0	8423	830	171640808526563	---TLC LEVEL---	NULL	NULL	NULL	NULL	NULL	NULL	NULL	NULL	NULL	NULL	NULL	NULL	----Sub catalog Level---	NULL	NULL	NULL	NULL	NULL	NULL	NULL	NULL	NULL	NULL	NULL	NULL	NULL	----Price List Level---	339573	25.00	75.00	0.00	0.00	1	0	53.51	0.00	31.25	40.24
172907827049642	172907827049642049R	2024-10-16 11:34:55	2024-10-16 11:31:49	8423	830	13931	339573	6	17	0.00	0.00	125.00	0.00	0.00	0.00	0.00	0	8423	830	171640808526563	---TLC LEVEL---	NULL	NULL	NULL	NULL	NULL	NULL	NULL	NULL	NULL	NULL	NULL	NULL	----Sub catalog Level---	NULL	NULL	NULL	NULL	NULL	NULL	NULL	NULL	NULL	NULL	NULL	NULL	NULL	----Price List Level---	339573	25.00	75.00	0.00	0.00	1	0	53.51	0.00	31.25	40.24
vt_group_no	transaction_id	order_confirm_date	created_date	hotel_id	channel_id	ticketId	ticketpriceschedule_id	version	row_type	partner_gross_price	partner_net_price	salePrice	order_currency_partner_gross_price	order_currency_partner_net_price	supplier_gross_price	supplier_net_price	col2	company_id	company_pricelist_id	company_sub_catalog	TYPE	tlc_ticketpriceschedule_id	resale_currency_level	tlc_dist_per	tlc_hgs_per	tlc_mer_per	tlc_res_per	tlc_comm_on_sale	tlc_is_resale_percentage	tlc_museum_net_commission	tlc_merchant_net_commission	tlc_hotel_commission_net_price	tlc_hgs_commission_net_price	type2	catalog_id	sc_ticketpriceschedule_id	sc_resale_currency_level	sc_dist_per	sc_hgs_per	sc_mer_per	sc_res_per	sc_comm_on_sale	sc_is_resale_percentage	sc_museum_net_commission	sc_merchant_net_commission	sc_hotel_commission_net_price	sc_hgs_commission_net_price	type3	clc_ticketpriceschedule_id	pl_dist_per	pl_hgs_per	pl_mer_per	pl_res_per	pl_comm_on_sale	pl_is_resale_percentage	pl_museum_net_commission	pl_merchant_net_commission	pl_hotel_commission_net_price	pl_hgs_commission_net_price
172907827049642	172907827049642001R	2024-10-16 11:31:49	2024-10-16 11:31:49	8423	830	15590	428505	1	1	119.00	119.00	119.00	119.00	119.00	119.00	119.00	0	8423	830	171640808526563	---TLC LEVEL---	NULL	NULL	NULL	NULL	NULL	NULL	NULL	NULL	NULL	NULL	NULL	NULL	----Sub catalog Level---	171640808526563	428505	1	30.00	70.00	0.00	0.00	1	1	0.00	0.00	35.70	83.30	----Price List Level---	NULL	NULL	NULL	NULL	NULL	NULL	NULL	NULL	NULL	NULL	NULL
172907827049642	172907827049642001R	2024-10-16 11:31:49	2024-10-16 11:31:49	8423	830	15590	428505	1	2	0.00	0.00	119.00	0.00	0.00	0.00	0.00	0	8423	830	171640808526563	---TLC LEVEL---	NULL	NULL	NULL	NULL	NULL	NULL	NULL	NULL	NULL	NULL	NULL	NULL	----Sub catalog Level---	171640808526563	428505	1	30.00	70.00	0.00	0.00	1	1	0.00	0.00	35.70	83.30	----Price List Level---	NULL	NULL	NULL	NULL	NULL	NULL	NULL	NULL	NULL	NULL	NULL
172907827049642	172907827049642001R	2024-10-16 11:31:49	2024-10-16 11:31:49	8423	830	15590	428505	1	3	35.70	35.70	119.00	0.00	0.00	35.70	35.70	0	8423	830	171640808526563	---TLC LEVEL---	NULL	NULL	NULL	NULL	NULL	NULL	NULL	NULL	NULL	NULL	NULL	NULL	----Sub catalog Level---	171640808526563	428505	1	30.00	70.00	0.00	0.00	1	1	0.00	0.00	35.70	83.30	----Price List Level---	NULL	NULL	NULL	NULL	NULL	NULL	NULL	NULL	NULL	NULL	NULL
172907827049642	172907827049642001R	2024-10-16 11:31:49	2024-10-16 11:31:49	8423	830	15590	428505	1	4	61.45	61.45	119.00	119.00	119.00	61.45	61.45	0	8423	830	171640808526563	---TLC LEVEL---	NULL	NULL	NULL	NULL	NULL	NULL	NULL	NULL	NULL	NULL	NULL	NULL	----Sub catalog Level---	171640808526563	428505	1	30.00	70.00	0.00	0.00	1	1	0.00	0.00	35.70	83.30	----Price List Level---	NULL	NULL	NULL	NULL	NULL	NULL	NULL	NULL	NULL	NULL	NULL
172907827049642	172907827049642001R	2024-10-16 11:31:49	2024-10-16 11:31:49	8423	830	15590	428505	1	17	0.00	0.00	119.00	0.00	0.00	0.00	0.00	0	8423	830	171640808526563	---TLC LEVEL---	NULL	NULL	NULL	NULL	NULL	NULL	NULL	NULL	NULL	NULL	NULL	NULL	----Sub catalog Level---	171640808526563	428505	1	30.00	70.00	0.00	0.00	1	1	0.00	0.00	35.70	83.30	----Price List Level---	NULL	NULL	NULL	NULL	NULL	NULL	NULL	NULL	NULL	NULL	NULL
172907827049642	172907827049642002R	2024-10-16 11:31:49	2024-10-16 11:31:49	8423	830	15590	428505	1	1	119.00	119.00	119.00	119.00	119.00	119.00	119.00	0	8423	830	171640808526563	---TLC LEVEL---	NULL	NULL	NULL	NULL	NULL	NULL	NULL	NULL	NULL	NULL	NULL	NULL	----Sub catalog Level---	171640808526563	428505	1	30.00	70.00	0.00	0.00	1	1	0.00	0.00	35.70	83.30	----Price List Level---	NULL	NULL	NULL	NULL	NULL	NULL	NULL	NULL	NULL	NULL	NULL
172907827049642	172907827049642002R	2024-10-16 11:31:49	2024-10-16 11:31:49	8423	830	15590	428505	1	2	0.00	0.00	119.00	0.00	0.00	0.00	0.00	0	8423	830	171640808526563	---TLC LEVEL---	NULL	NULL	NULL	NULL	NULL	NULL	NULL	NULL	NULL	NULL	NULL	NULL	----Sub catalog Level---	171640808526563	428505	1	30.00	70.00	0.00	0.00	1	1	0.00	0.00	35.70	83.30	----Price List Level---	NULL	NULL	NULL	NULL	NULL	NULL	NULL	NULL	NULL	NULL	NULL
172907827049642	172907827049642002R	2024-10-16 11:31:49	2024-10-16 11:31:49	8423	830	15590	428505	1	3	35.70	35.70	119.00	0.00	0.00	35.70	35.70	0	8423	830	171640808526563	---TLC LEVEL---	NULL	NULL	NULL	NULL	NULL	NULL	NULL	NULL	NULL	NULL	NULL	NULL	----Sub catalog Level---	171640808526563	428505	1	30.00	70.00	0.00	0.00	1	1	0.00	0.00	35.70	83.30	----Price List Level---	NULL	NULL	NULL	NULL	NULL	NULL	NULL	NULL	NULL	NULL	NULL
172907827049642	172907827049642002R	2024-10-16 11:31:49	2024-10-16 11:31:49	8423	830	15590	428505	1	4	61.45	61.45	119.00	119.00	119.00	61.45	61.45	0	8423	830	171640808526563	---TLC LEVEL---	NULL	NULL	NULL	NULL	NULL	NULL	NULL	NULL	NULL	NULL	NULL	NULL	----Sub catalog Level---	171640808526563	428505	1	30.00	70.00	0.00	0.00	1	1	0.00	0.00	35.70	83.30	----Price List Level---	NULL	NULL	NULL	NULL	NULL	NULL	NULL	NULL	NULL	NULL	NULL
172907827049642	172907827049642002R	2024-10-16 11:31:49	2024-10-16 11:31:49	8423	830	15590	428505	1	17	0.00	0.00	119.00	0.00	0.00	0.00	0.00	0	8423	830	171640808526563	---TLC LEVEL---	NULL	NULL	NULL	NULL	NULL	NULL	NULL	NULL	NULL	NULL	NULL	NULL	----Sub catalog Level---	171640808526563	428505	1	30.00	70.00	0.00	0.00	1	1	0.00	0.00	35.70	83.30	----Price List Level---	NULL	NULL	NULL	NULL	NULL	NULL	NULL	NULL	NULL	NULL	NULL
172907827049642	172907827049642003R	2024-10-16 11:31:49	2024-10-16 11:31:49	8423	830	15590	428505	1	1	119.00	119.00	119.00	119.00	119.00	119.00	119.00	0	8423	830	171640808526563	---TLC LEVEL---	NULL	NULL	NULL	NULL	NULL	NULL	NULL	NULL	NULL	NULL	NULL	NULL	----Sub catalog Level---	171640808526563	428505	1	30.00	70.00	0.00	0.00	1	1	0.00	0.00	35.70	83.30	----Price List Level---	NULL	NULL	NULL	NULL	NULL	NULL	NULL	NULL	NULL	NULL	NULL
172907827049642	172907827049642003R	2024-10-16 11:31:49	2024-10-16 11:31:49	8423	830	15590	428505	1	2	0.00	0.00	119.00	0.00	0.00	0.00	0.00	0	8423	830	171640808526563	---TLC LEVEL---	NULL	NULL	NULL	NULL	NULL	NULL	NULL	NULL	NULL	NULL	NULL	NULL	----Sub catalog Level---	171640808526563	428505	1	30.00	70.00	0.00	0.00	1	1	0.00	0.00	35.70	83.30	----Price List Level---	NULL	NULL	NULL	NULL	NULL	NULL	NULL	NULL	NULL	NULL	NULL
172907827049642	172907827049642003R	2024-10-16 11:31:49	2024-10-16 11:31:49	8423	830	15590	428505	1	3	35.70	35.70	119.00	0.00	0.00	35.70	35.70	0	8423	830	171640808526563	---TLC LEVEL---	NULL	NULL	NULL	NULL	NULL	NULL	NULL	NULL	NULL	NULL	NULL	NULL	----Sub catalog Level---	171640808526563	428505	1	30.00	70.00	0.00	0.00	1	1	0.00	0.00	35.70	83.30	----Price List Level---	NULL	NULL	NULL	NULL	NULL	NULL	NULL	NULL	NULL	NULL	NULL
172907827049642	172907827049642003R	2024-10-16 11:31:49	2024-10-16 11:31:49	8423	830	15590	428505	1	4	61.45	61.45	119.00	119.00	119.00	61.45	61.45	0	8423	830	171640808526563	---TLC LEVEL---	NULL	NULL	NULL	NULL	NULL	NULL	NULL	NULL	NULL	NULL	NULL	NULL	----Sub catalog Level---	171640808526563	428505	1	30.00	70.00	0.00	0.00	1	1	0.00	0.00	35.70	83.30	----Price List Level---	NULL	NULL	NULL	NULL	NULL	NULL	NULL	NULL	NULL	NULL	NULL
172907827049642	172907827049642003R	2024-10-16 11:31:49	2024-10-16 11:31:49	8423	830	15590	428505	1	17	0.00	0.00	119.00	0.00	0.00	0.00	0.00	0	8423	830	171640808526563	---TLC LEVEL---	NULL	NULL	NULL	NULL	NULL	NULL	NULL	NULL	NULL	NULL	NULL	NULL	----Sub catalog Level---	171640808526563	428505	1	30.00	70.00	0.00	0.00	1	1	0.00	0.00	35.70	83.30	----Price List Level---	NULL	NULL	NULL	NULL	NULL	NULL	NULL	NULL	NULL	NULL	NULL
172907827049642	172907827049642004R	2024-10-16 11:31:49	2024-10-16 11:31:49	8423	830	15590	428505	1	1	119.00	119.00	119.00	119.00	119.00	119.00	119.00	0	8423	830	171640808526563	---TLC LEVEL---	NULL	NULL	NULL	NULL	NULL	NULL	NULL	NULL	NULL	NULL	NULL	NULL	----Sub catalog Level---	171640808526563	428505	1	30.00	70.00	0.00	0.00	1	1	0.00	0.00	35.70	83.30	----Price List Level---	NULL	NULL	NULL	NULL	NULL	NULL	NULL	NULL	NULL	NULL	NULL
172907827049642	172907827049642004R	2024-10-16 11:31:49	2024-10-16 11:31:49	8423	830	15590	428505	1	2	0.00	0.00	119.00	0.00	0.00	0.00	0.00	0	8423	830	171640808526563	---TLC LEVEL---	NULL	NULL	NULL	NULL	NULL	NULL	NULL	NULL	NULL	NULL	NULL	NULL	----Sub catalog Level---	171640808526563	428505	1	30.00	70.00	0.00	0.00	1	1	0.00	0.00	35.70	83.30	----Price List Level---	NULL	NULL	NULL	NULL	NULL	NULL	NULL	NULL	NULL	NULL	NULL
172907827049642	172907827049642004R	2024-10-16 11:31:49	2024-10-16 11:31:49	8423	830	15590	428505	1	3	35.70	35.70	119.00	0.00	0.00	35.70	35.70	0	8423	830	171640808526563	---TLC LEVEL---	NULL	NULL	NULL	NULL	NULL	NULL	NULL	NULL	NULL	NULL	NULL	NULL	----Sub catalog Level---	171640808526563	428505	1	30.00	70.00	0.00	0.00	1	1	0.00	0.00	35.70	83.30	----Price List Level---	NULL	NULL	NULL	NULL	NULL	NULL	NULL	NULL	NULL	NULL	NULL
172907827049642	172907827049642004R	2024-10-16 11:31:49	2024-10-16 11:31:49	8423	830	15590	428505	1	4	61.45	61.45	119.00	119.00	119.00	61.45	61.45	0	8423	830	171640808526563	---TLC LEVEL---	NULL	NULL	NULL	NULL	NULL	NULL	NULL	NULL	NULL	NULL	NULL	NULL	----Sub catalog Level---	171640808526563	428505	1	30.00	70.00	0.00	0.00	1	1	0.00	0.00	35.70	83.30	----Price List Level---	NULL	NULL	NULL	NULL	NULL	NULL	NULL	NULL	NULL	NULL	NULL
172907827049642	172907827049642004R	2024-10-16 11:31:49	2024-10-16 11:31:49	8423	830	15590	428505	1	17	0.00	0.00	119.00	0.00	0.00	0.00	0.00	0	8423	830	171640808526563	---TLC LEVEL---	NULL	NULL	NULL	NULL	NULL	NULL	NULL	NULL	NULL	NULL	NULL	NULL	----Sub catalog Level---	171640808526563	428505	1	30.00	70.00	0.00	0.00	1	1	0.00	0.00	35.70	83.30	----Price List Level---	NULL	NULL	NULL	NULL	NULL	NULL	NULL	NULL	NULL	NULL	NULL
172907827049642	172907827049642005R	2024-10-16 11:31:49	2024-10-16 11:31:49	8423	830	15590	428505	1	1	119.00	119.00	119.00	119.00	119.00	119.00	119.00	0	8423	830	171640808526563	---TLC LEVEL---	NULL	NULL	NULL	NULL	NULL	NULL	NULL	NULL	NULL	NULL	NULL	NULL	----Sub catalog Level---	171640808526563	428505	1	30.00	70.00	0.00	0.00	1	1	0.00	0.00	35.70	83.30	----Price List Level---	NULL	NULL	NULL	NULL	NULL	NULL	NULL	NULL	NULL	NULL	NULL
172907827049642	172907827049642005R	2024-10-16 11:31:49	2024-10-16 11:31:49	8423	830	15590	428505	1	2	0.00	0.00	119.00	0.00	0.00	0.00	0.00	0	8423	830	171640808526563	---TLC LEVEL---	NULL	NULL	NULL	NULL	NULL	NULL	NULL	NULL	NULL	NULL	NULL	NULL	----Sub catalog Level---	171640808526563	428505	1	30.00	70.00	0.00	0.00	1	1	0.00	0.00	35.70	83.30	----Price List Level---	NULL	NULL	NULL	NULL	NULL	NULL	NULL	NULL	NULL	NULL	NULL
172907827049642	172907827049642005R	2024-10-16 11:31:49	2024-10-16 11:31:49	8423	830	15590	428505	1	3	35.70	35.70	119.00	0.00	0.00	35.70	35.70	0	8423	830	171640808526563	---TLC LEVEL---	NULL	NULL	NULL	NULL	NULL	NULL	NULL	NULL	NULL	NULL	NULL	NULL	----Sub catalog Level---	171640808526563	428505	1	30.00	70.00	0.00	0.00	1	1	0.00	0.00	35.70	83.30	----Price List Level---	NULL	NULL	NULL	NULL	NULL	NULL	NULL	NULL	NULL	NULL	NULL
172907827049642	172907827049642005R	2024-10-16 11:31:49	2024-10-16 11:31:49	8423	830	15590	428505	1	4	61.45	61.45	119.00	119.00	119.00	61.45	61.45	0	8423	830	171640808526563	---TLC LEVEL---	NULL	NULL	NULL	NULL	NULL	NULL	NULL	NULL	NULL	NULL	NULL	NULL	----Sub catalog Level---	171640808526563	428505	1	30.00	70.00	0.00	0.00	1	1	0.00	0.00	35.70	83.30	----Price List Level---	NULL	NULL	NULL	NULL	NULL	NULL	NULL	NULL	NULL	NULL	NULL
172907827049642	172907827049642005R	2024-10-16 11:31:49	2024-10-16 11:31:49	8423	830	15590	428505	1	17	0.00	0.00	119.00	0.00	0.00	0.00	0.00	0	8423	830	171640808526563	---TLC LEVEL---	NULL	NULL	NULL	NULL	NULL	NULL	NULL	NULL	NULL	NULL	NULL	NULL	----Sub catalog Level---	171640808526563	428505	1	30.00	70.00	0.00	0.00	1	1	0.00	0.00	35.70	83.30	----Price List Level---	NULL	NULL	NULL	NULL	NULL	NULL	NULL	NULL	NULL	NULL	NULL
172907827049642	172907827049642006R	2024-10-16 11:31:49	2024-10-16 11:31:49	8423	830	15590	428505	1	1	119.00	119.00	119.00	119.00	119.00	119.00	119.00	0	8423	830	171640808526563	---TLC LEVEL---	NULL	NULL	NULL	NULL	NULL	NULL	NULL	NULL	NULL	NULL	NULL	NULL	----Sub catalog Level---	171640808526563	428505	1	30.00	70.00	0.00	0.00	1	1	0.00	0.00	35.70	83.30	----Price List Level---	NULL	NULL	NULL	NULL	NULL	NULL	NULL	NULL	NULL	NULL	NULL
172907827049642	172907827049642006R	2024-10-16 11:31:49	2024-10-16 11:31:49	8423	830	15590	428505	1	2	0.00	0.00	119.00	0.00	0.00	0.00	0.00	0	8423	830	171640808526563	---TLC LEVEL---	NULL	NULL	NULL	NULL	NULL	NULL	NULL	NULL	NULL	NULL	NULL	NULL	----Sub catalog Level---	171640808526563	428505	1	30.00	70.00	0.00	0.00	1	1	0.00	0.00	35.70	83.30	----Price List Level---	NULL	NULL	NULL	NULL	NULL	NULL	NULL	NULL	NULL	NULL	NULL
172907827049642	172907827049642006R	2024-10-16 11:31:49	2024-10-16 11:31:49	8423	830	15590	428505	1	3	35.70	35.70	119.00	0.00	0.00	35.70	35.70	0	8423	830	171640808526563	---TLC LEVEL---	NULL	NULL	NULL	NULL	NULL	NULL	NULL	NULL	NULL	NULL	NULL	NULL	----Sub catalog Level---	171640808526563	428505	1	30.00	70.00	0.00	0.00	1	1	0.00	0.00	35.70	83.30	----Price List Level---	NULL	NULL	NULL	NULL	NULL	NULL	NULL	NULL	NULL	NULL	NULL
172907827049642	172907827049642006R	2024-10-16 11:31:49	2024-10-16 11:31:49	8423	830	15590	428505	1	4	61.45	61.45	119.00	119.00	119.00	61.45	61.45	0	8423	830	171640808526563	---TLC LEVEL---	NULL	NULL	NULL	NULL	NULL	NULL	NULL	NULL	NULL	NULL	NULL	NULL	----Sub catalog Level---	171640808526563	428505	1	30.00	70.00	0.00	0.00	1	1	0.00	0.00	35.70	83.30	----Price List Level---	NULL	NULL	NULL	NULL	NULL	NULL	NULL	NULL	NULL	NULL	NULL
172907827049642	172907827049642006R	2024-10-16 11:31:49	2024-10-16 11:31:49	8423	830	15590	428505	1	17	0.00	0.00	119.00	0.00	0.00	0.00	0.00	0	8423	830	171640808526563	---TLC LEVEL---	NULL	NULL	NULL	NULL	NULL	NULL	NULL	NULL	NULL	NULL	NULL	NULL	----Sub catalog Level---	171640808526563	428505	1	30.00	70.00	0.00	0.00	1	1	0.00	0.00	35.70	83.30	----Price List Level---	NULL	NULL	NULL	NULL	NULL	NULL	NULL	NULL	NULL	NULL	NULL
172907827049642	172907827049642007R	2024-10-16 11:31:49	2024-10-16 11:31:49	8423	830	15590	428508	1	1	114.00	114.00	114.00	114.00	114.00	114.00	114.00	0	8423	830	171640808526563	---TLC LEVEL---	NULL	NULL	NULL	NULL	NULL	NULL	NULL	NULL	NULL	NULL	NULL	NULL	----Sub catalog Level---	171640808526563	428508	1	30.00	70.00	0.00	0.00	1	1	0.00	0.00	34.20	79.80	----Price List Level---	NULL	NULL	NULL	NULL	NULL	NULL	NULL	NULL	NULL	NULL	NULL
172907827049642	172907827049642007R	2024-10-16 11:31:49	2024-10-16 11:31:49	8423	830	15590	428508	1	2	0.00	0.00	114.00	0.00	0.00	0.00	0.00	0	8423	830	171640808526563	---TLC LEVEL---	NULL	NULL	NULL	NULL	NULL	NULL	NULL	NULL	NULL	NULL	NULL	NULL	----Sub catalog Level---	171640808526563	428508	1	30.00	70.00	0.00	0.00	1	1	0.00	0.00	34.20	79.80	----Price List Level---	NULL	NULL	NULL	NULL	NULL	NULL	NULL	NULL	NULL	NULL	NULL
172907827049642	172907827049642007R	2024-10-16 11:31:49	2024-10-16 11:31:49	8423	830	15590	428508	1	3	34.20	34.20	114.00	0.00	0.00	34.20	34.20	0	8423	830	171640808526563	---TLC LEVEL---	NULL	NULL	NULL	NULL	NULL	NULL	NULL	NULL	NULL	NULL	NULL	NULL	----Sub catalog Level---	171640808526563	428508	1	30.00	70.00	0.00	0.00	1	1	0.00	0.00	34.20	79.80	----Price List Level---	NULL	NULL	NULL	NULL	NULL	NULL	NULL	NULL	NULL	NULL	NULL
172907827049642	172907827049642007R	2024-10-16 11:31:49	2024-10-16 11:31:49	8423	830	15590	428508	1	4	57.95	57.95	114.00	114.00	114.00	57.95	57.95	0	8423	830	171640808526563	---TLC LEVEL---	NULL	NULL	NULL	NULL	NULL	NULL	NULL	NULL	NULL	NULL	NULL	NULL	----Sub catalog Level---	171640808526563	428508	1	30.00	70.00	0.00	0.00	1	1	0.00	0.00	34.20	79.80	----Price List Level---	NULL	NULL	NULL	NULL	NULL	NULL	NULL	NULL	NULL	NULL	NULL
172907827049642	172907827049642007R	2024-10-16 11:31:49	2024-10-16 11:31:49	8423	830	15590	428508	1	17	0.00	0.00	114.00	0.00	0.00	0.00	0.00	0	8423	830	171640808526563	---TLC LEVEL---	NULL	NULL	NULL	NULL	NULL	NULL	NULL	NULL	NULL	NULL	NULL	NULL	----Sub catalog Level---	171640808526563	428508	1	30.00	70.00	0.00	0.00	1	1	0.00	0.00	34.20	79.80	----Price List Level---	NULL	NULL	NULL	NULL	NULL	NULL	NULL	NULL	NULL	NULL	NULL
vt_group_no	transaction_id	order_confirm_date	created_date	hotel_id	channel_id	ticketId	ticketpriceschedule_id	version	row_type	partner_gross_price	partner_net_price	salePrice	order_currency_partner_gross_price	order_currency_partner_net_price	supplier_gross_price	supplier_net_price	col2	company_id	company_pricelist_id	company_sub_catalog	TYPE	tlc_ticketpriceschedule_id	resale_currency_level	tlc_dist_per	tlc_hgs_per	tlc_mer_per	tlc_res_per	tlc_comm_on_sale	tlc_is_resale_percentage	tlc_museum_net_commission	tlc_merchant_net_commission	tlc_hotel_commission_net_price	tlc_hgs_commission_net_price	type2	catalog_id	sc_ticketpriceschedule_id	sc_resale_currency_level	sc_dist_per	sc_hgs_per	sc_mer_per	sc_res_per	sc_comm_on_sale	sc_is_resale_percentage	sc_museum_net_commission	sc_merchant_net_commission	sc_hotel_commission_net_price	sc_hgs_commission_net_price	type3	clc_ticketpriceschedule_id	pl_dist_per	pl_hgs_per	pl_mer_per	pl_res_per	pl_comm_on_sale	pl_is_resale_percentage	pl_museum_net_commission	pl_merchant_net_commission	pl_hotel_commission_net_price	pl_hgs_commission_net_price
173341694651390	173341694651390001R	2024-12-05 16:42:46	2024-12-05 16:42:46	6458	830	61395	414992	1	1	99.00	99.00	99.00	99.00	99.00	99.00	99.00	0	6458	830	171640808526563	---TLC LEVEL---	NULL	NULL	NULL	NULL	NULL	NULL	NULL	NULL	NULL	NULL	NULL	NULL	----Sub catalog Level---	171640808526563	414992	1	25.00	75.00	0.00	0.00	1	1	0.00	0.00	24.75	74.25	----Price List Level---	414992	20.00	80.00	0.00	0.00	0	0	0.00	0.00	19.80	79.20
173341694651390	173341694651390001R	2024-12-05 16:42:46	2024-12-05 16:42:46	6458	830	61395	414992	1	2	0.00	0.00	99.00	0.00	0.00	0.00	0.00	0	6458	830	171640808526563	---TLC LEVEL---	NULL	NULL	NULL	NULL	NULL	NULL	NULL	NULL	NULL	NULL	NULL	NULL	----Sub catalog Level---	171640808526563	414992	1	25.00	75.00	0.00	0.00	1	1	0.00	0.00	24.75	74.25	----Price List Level---	414992	20.00	80.00	0.00	0.00	0	0	0.00	0.00	19.80	79.20
173341694651390	173341694651390001R	2024-12-05 16:42:46	2024-12-05 16:42:46	6458	830	61395	414992	1	3	22.77	22.77	99.00	0.00	0.00	22.77	22.77	0	6458	830	171640808526563	---TLC LEVEL---	NULL	NULL	NULL	NULL	NULL	NULL	NULL	NULL	NULL	NULL	NULL	NULL	----Sub catalog Level---	171640808526563	414992	1	25.00	75.00	0.00	0.00	1	1	0.00	0.00	24.75	74.25	----Price List Level---	414992	20.00	80.00	0.00	0.00	0	0	0.00	0.00	19.80	79.20
173341694651390	173341694651390001R	2024-12-05 16:42:46	2024-12-05 16:42:46	6458	830	61395	414992	1	4	76.23	76.23	99.00	99.00	99.00	76.23	76.23	0	6458	830	171640808526563	---TLC LEVEL---	NULL	NULL	NULL	NULL	NULL	NULL	NULL	NULL	NULL	NULL	NULL	NULL	----Sub catalog Level---	171640808526563	414992	1	25.00	75.00	0.00	0.00	1	1	0.00	0.00	24.75	74.25	----Price List Level---	414992	20.00	80.00	0.00	0.00	0	0	0.00	0.00	19.80	79.20
173341694651390	173341694651390001R	2024-12-05 16:42:46	2024-12-05 16:42:46	6458	830	61395	414992	1	17	0.00	0.00	99.00	0.00	0.00	0.00	0.00	0	6458	830	171640808526563	---TLC LEVEL---	NULL	NULL	NULL	NULL	NULL	NULL	NULL	NULL	NULL	NULL	NULL	NULL	----Sub catalog Level---	171640808526563	414992	1	25.00	75.00	0.00	0.00	1	1	0.00	0.00	24.75	74.25	----Price List Level---	414992	20.00	80.00	0.00	0.00	0	0	0.00	0.00	19.80	79.20
173341694651390	173341694651390002R	2024-12-05 16:42:46	2024-12-05 16:42:46	6458	830	61395	414992	1	1	99.00	99.00	99.00	99.00	99.00	99.00	99.00	0	6458	830	171640808526563	---TLC LEVEL---	NULL	NULL	NULL	NULL	NULL	NULL	NULL	NULL	NULL	NULL	NULL	NULL	----Sub catalog Level---	171640808526563	414992	1	25.00	75.00	0.00	0.00	1	1	0.00	0.00	24.75	74.25	----Price List Level---	414992	20.00	80.00	0.00	0.00	0	0	0.00	0.00	19.80	79.20
173341694651390	173341694651390002R	2024-12-05 16:42:46	2024-12-05 16:42:46	6458	830	61395	414992	1	2	0.00	0.00	99.00	0.00	0.00	0.00	0.00	0	6458	830	171640808526563	---TLC LEVEL---	NULL	NULL	NULL	NULL	NULL	NULL	NULL	NULL	NULL	NULL	NULL	NULL	----Sub catalog Level---	171640808526563	414992	1	25.00	75.00	0.00	0.00	1	1	0.00	0.00	24.75	74.25	----Price List Level---	414992	20.00	80.00	0.00	0.00	0	0	0.00	0.00	19.80	79.20
173341694651390	173341694651390002R	2024-12-05 16:42:46	2024-12-05 16:42:46	6458	830	61395	414992	1	3	22.77	22.77	99.00	0.00	0.00	22.77	22.77	0	6458	830	171640808526563	---TLC LEVEL---	NULL	NULL	NULL	NULL	NULL	NULL	NULL	NULL	NULL	NULL	NULL	NULL	----Sub catalog Level---	171640808526563	414992	1	25.00	75.00	0.00	0.00	1	1	0.00	0.00	24.75	74.25	----Price List Level---	414992	20.00	80.00	0.00	0.00	0	0	0.00	0.00	19.80	79.20
173341694651390	173341694651390002R	2024-12-05 16:42:46	2024-12-05 16:42:46	6458	830	61395	414992	1	4	76.23	76.23	99.00	99.00	99.00	76.23	76.23	0	6458	830	171640808526563	---TLC LEVEL---	NULL	NULL	NULL	NULL	NULL	NULL	NULL	NULL	NULL	NULL	NULL	NULL	----Sub catalog Level---	171640808526563	414992	1	25.00	75.00	0.00	0.00	1	1	0.00	0.00	24.75	74.25	----Price List Level---	414992	20.00	80.00	0.00	0.00	0	0	0.00	0.00	19.80	79.20
173341694651390	173341694651390002R	2024-12-05 16:42:46	2024-12-05 16:42:46	6458	830	61395	414992	1	17	0.00	0.00	99.00	0.00	0.00	0.00	0.00	0	6458	830	171640808526563	---TLC LEVEL---	NULL	NULL	NULL	NULL	NULL	NULL	NULL	NULL	NULL	NULL	NULL	NULL	----Sub catalog Level---	171640808526563	414992	1	25.00	75.00	0.00	0.00	1	1	0.00	0.00	24.75	74.25	----Price List Level---	414992	20.00	80.00	0.00	0.00	0	0	0.00	0.00	19.80	79.20
vt_group_no	transaction_id	order_confirm_date	created_date	hotel_id	channel_id	ticketId	ticketpriceschedule_id	version	row_type	partner_gross_price	partner_net_price	salePrice	order_currency_partner_gross_price	order_currency_partner_net_price	supplier_gross_price	supplier_net_price	col2	company_id	company_pricelist_id	company_sub_catalog	TYPE	tlc_ticketpriceschedule_id	resale_currency_level	tlc_dist_per	tlc_hgs_per	tlc_mer_per	tlc_res_per	tlc_comm_on_sale	tlc_is_resale_percentage	tlc_museum_net_commission	tlc_merchant_net_commission	tlc_hotel_commission_net_price	tlc_hgs_commission_net_price	type2	catalog_id	sc_ticketpriceschedule_id	sc_resale_currency_level	sc_dist_per	sc_hgs_per	sc_mer_per	sc_res_per	sc_comm_on_sale	sc_is_resale_percentage	sc_museum_net_commission	sc_merchant_net_commission	sc_hotel_commission_net_price	sc_hgs_commission_net_price	type3	clc_ticketpriceschedule_id	pl_dist_per	pl_hgs_per	pl_mer_per	pl_res_per	pl_comm_on_sale	pl_is_resale_percentage	pl_museum_net_commission	pl_merchant_net_commission	pl_hotel_commission_net_price	pl_hgs_commission_net_price
172264656259494	172264656259494001R	2024-08-03 01:00:20	2024-08-03 01:00:20	44587	830	25041	319201	2	1	55.00	55.00	55.00	108.16	108.16	55.00	55.00	0	44587	830	167715372656153	---TLC LEVEL---	NULL	NULL	NULL	NULL	NULL	NULL	NULL	NULL	NULL	NULL	NULL	NULL	----Sub catalog Level---	NULL	NULL	NULL	NULL	NULL	NULL	NULL	NULL	NULL	NULL	NULL	NULL	NULL	----Price List Level---	NULL	NULL	NULL	NULL	NULL	NULL	NULL	NULL	NULL	NULL	NULL
172264656259494	172264656259494001R	2024-08-03 01:00:20	2024-08-03 01:00:20	44587	830	25041	319201	2	2	0.00	0.00	55.00	0.00	0.00	0.00	0.00	0	44587	830	167715372656153	---TLC LEVEL---	NULL	NULL	NULL	NULL	NULL	NULL	NULL	NULL	NULL	NULL	NULL	NULL	----Sub catalog Level---	NULL	NULL	NULL	NULL	NULL	NULL	NULL	NULL	NULL	NULL	NULL	NULL	NULL	----Price List Level---	NULL	NULL	NULL	NULL	NULL	NULL	NULL	NULL	NULL	NULL	NULL
172264656259494	172264656259494001R	2024-08-03 01:00:20	2024-08-03 01:00:20	44587	830	25041	319201	2	3	19.97	16.50	55.00	0.00	0.00	19.97	16.50	0	44587	830	167715372656153	---TLC LEVEL---	NULL	NULL	NULL	NULL	NULL	NULL	NULL	NULL	NULL	NULL	NULL	NULL	----Sub catalog Level---	NULL	NULL	NULL	NULL	NULL	NULL	NULL	NULL	NULL	NULL	NULL	NULL	NULL	----Price List Level---	NULL	NULL	NULL	NULL	NULL	NULL	NULL	NULL	NULL	NULL	NULL
172264656259494	172264656259494001R	2024-08-03 01:00:20	2024-08-03 01:00:20	44587	830	25041	319201	2	4	38.50	38.50	55.00	108.16	108.16	38.50	38.50	0	44587	830	167715372656153	---TLC LEVEL---	NULL	NULL	NULL	NULL	NULL	NULL	NULL	NULL	NULL	NULL	NULL	NULL	----Sub catalog Level---	NULL	NULL	NULL	NULL	NULL	NULL	NULL	NULL	NULL	NULL	NULL	NULL	NULL	----Price List Level---	NULL	NULL	NULL	NULL	NULL	NULL	NULL	NULL	NULL	NULL	NULL
172264656259494	172264656259494001R	2024-08-03 01:00:20	2024-08-03 01:00:20	44587	830	25041	319201	2	17	0.00	0.00	55.00	0.00	0.00	0.00	0.00	0	44587	830	167715372656153	---TLC LEVEL---	NULL	NULL	NULL	NULL	NULL	NULL	NULL	NULL	NULL	NULL	NULL	NULL	----Sub catalog Level---	NULL	NULL	NULL	NULL	NULL	NULL	NULL	NULL	NULL	NULL	NULL	NULL	NULL	----Price List Level---	NULL	NULL	NULL	NULL	NULL	NULL	NULL	NULL	NULL	NULL	NULL
172264656259494	172264656259494002R	2024-08-03 01:00:20	2024-08-03 01:00:20	44587	830	25041	319201	2	1	55.00	55.00	55.00	108.16	108.16	55.00	55.00	0	44587	830	167715372656153	---TLC LEVEL---	NULL	NULL	NULL	NULL	NULL	NULL	NULL	NULL	NULL	NULL	NULL	NULL	----Sub catalog Level---	NULL	NULL	NULL	NULL	NULL	NULL	NULL	NULL	NULL	NULL	NULL	NULL	NULL	----Price List Level---	NULL	NULL	NULL	NULL	NULL	NULL	NULL	NULL	NULL	NULL	NULL
172264656259494	172264656259494002R	2024-08-03 01:00:20	2024-08-03 01:00:20	44587	830	25041	319201	2	2	0.00	0.00	55.00	0.00	0.00	0.00	0.00	0	44587	830	167715372656153	---TLC LEVEL---	NULL	NULL	NULL	NULL	NULL	NULL	NULL	NULL	NULL	NULL	NULL	NULL	----Sub catalog Level---	NULL	NULL	NULL	NULL	NULL	NULL	NULL	NULL	NULL	NULL	NULL	NULL	NULL	----Price List Level---	NULL	NULL	NULL	NULL	NULL	NULL	NULL	NULL	NULL	NULL	NULL
172264656259494	172264656259494002R	2024-08-03 01:00:20	2024-08-03 01:00:20	44587	830	25041	319201	2	3	19.97	16.50	55.00	0.00	0.00	19.97	16.50	0	44587	830	167715372656153	---TLC LEVEL---	NULL	NULL	NULL	NULL	NULL	NULL	NULL	NULL	NULL	NULL	NULL	NULL	----Sub catalog Level---	NULL	NULL	NULL	NULL	NULL	NULL	NULL	NULL	NULL	NULL	NULL	NULL	NULL	----Price List Level---	NULL	NULL	NULL	NULL	NULL	NULL	NULL	NULL	NULL	NULL	NULL
172264656259494	172264656259494002R	2024-08-03 01:00:20	2024-08-03 01:00:20	44587	830	25041	319201	2	4	38.50	38.50	55.00	108.16	108.16	38.50	38.50	0	44587	830	167715372656153	---TLC LEVEL---	NULL	NULL	NULL	NULL	NULL	NULL	NULL	NULL	NULL	NULL	NULL	NULL	----Sub catalog Level---	NULL	NULL	NULL	NULL	NULL	NULL	NULL	NULL	NULL	NULL	NULL	NULL	NULL	----Price List Level---	NULL	NULL	NULL	NULL	NULL	NULL	NULL	NULL	NULL	NULL	NULL
172264656259494	172264656259494002R	2024-08-03 01:00:20	2024-08-03 01:00:20	44587	830	25041	319201	2	17	0.00	0.00	55.00	0.00	0.00	0.00	0.00	0	44587	830	167715372656153	---TLC LEVEL---	NULL	NULL	NULL	NULL	NULL	NULL	NULL	NULL	NULL	NULL	NULL	NULL	----Sub catalog Level---	NULL	NULL	NULL	NULL	NULL	NULL	NULL	NULL	NULL	NULL	NULL	NULL	NULL	----Price List Level---	NULL	NULL	NULL	NULL	NULL	NULL	NULL	NULL	NULL	NULL	NULL
172264656259494	172264656259494003R	2024-08-19 03:20:41	2024-08-03 01:00:20	44587	830	25041	319201	2	1	55.00	55.00	55.00	108.16	108.16	55.00	55.00	0	44587	830	167715372656153	---TLC LEVEL---	NULL	NULL	NULL	NULL	NULL	NULL	NULL	NULL	NULL	NULL	NULL	NULL	----Sub catalog Level---	NULL	NULL	NULL	NULL	NULL	NULL	NULL	NULL	NULL	NULL	NULL	NULL	NULL	----Price List Level---	NULL	NULL	NULL	NULL	NULL	NULL	NULL	NULL	NULL	NULL	NULL
172264656259494	172264656259494003R	2024-08-19 03:20:41	2024-08-03 01:00:20	44587	830	25041	319201	2	2	0.00	0.00	55.00	0.00	0.00	0.00	0.00	0	44587	830	167715372656153	---TLC LEVEL---	NULL	NULL	NULL	NULL	NULL	NULL	NULL	NULL	NULL	NULL	NULL	NULL	----Sub catalog Level---	NULL	NULL	NULL	NULL	NULL	NULL	NULL	NULL	NULL	NULL	NULL	NULL	NULL	----Price List Level---	NULL	NULL	NULL	NULL	NULL	NULL	NULL	NULL	NULL	NULL	NULL
172264656259494	172264656259494003R	2024-08-19 03:20:41	2024-08-03 01:00:20	44587	830	25041	319201	2	3	19.97	16.50	55.00	0.00	0.00	19.97	16.50	0	44587	830	167715372656153	---TLC LEVEL---	NULL	NULL	NULL	NULL	NULL	NULL	NULL	NULL	NULL	NULL	NULL	NULL	----Sub catalog Level---	NULL	NULL	NULL	NULL	NULL	NULL	NULL	NULL	NULL	NULL	NULL	NULL	NULL	----Price List Level---	NULL	NULL	NULL	NULL	NULL	NULL	NULL	NULL	NULL	NULL	NULL
172264656259494	172264656259494003R	2024-08-19 03:20:41	2024-08-03 01:00:20	44587	830	25041	319201	2	4	38.50	38.50	55.00	108.16	108.16	38.50	38.50	0	44587	830	167715372656153	---TLC LEVEL---	NULL	NULL	NULL	NULL	NULL	NULL	NULL	NULL	NULL	NULL	NULL	NULL	----Sub catalog Level---	NULL	NULL	NULL	NULL	NULL	NULL	NULL	NULL	NULL	NULL	NULL	NULL	NULL	----Price List Level---	NULL	NULL	NULL	NULL	NULL	NULL	NULL	NULL	NULL	NULL	NULL
172264656259494	172264656259494003R	2024-08-19 03:20:41	2024-08-03 01:00:20	44587	830	25041	319201	2	17	0.00	0.00	55.00	0.00	0.00	0.00	0.00	0	44587	830	167715372656153	---TLC LEVEL---	NULL	NULL	NULL	NULL	NULL	NULL	NULL	NULL	NULL	NULL	NULL	NULL	----Sub catalog Level---	NULL	NULL	NULL	NULL	NULL	NULL	NULL	NULL	NULL	NULL	NULL	NULL	NULL	----Price List Level---	NULL	NULL	NULL	NULL	NULL	NULL	NULL	NULL	NULL	NULL	NULL
172264656259494	172264656259494004R	2024-08-19 03:20:41	2024-08-03 01:00:20	44587	830	25041	319201	2	1	55.00	55.00	55.00	108.16	108.16	55.00	55.00	0	44587	830	167715372656153	---TLC LEVEL---	NULL	NULL	NULL	NULL	NULL	NULL	NULL	NULL	NULL	NULL	NULL	NULL	----Sub catalog Level---	NULL	NULL	NULL	NULL	NULL	NULL	NULL	NULL	NULL	NULL	NULL	NULL	NULL	----Price List Level---	NULL	NULL	NULL	NULL	NULL	NULL	NULL	NULL	NULL	NULL	NULL
172264656259494	172264656259494004R	2024-08-19 03:20:41	2024-08-03 01:00:20	44587	830	25041	319201	2	2	0.00	0.00	55.00	0.00	0.00	0.00	0.00	0	44587	830	167715372656153	---TLC LEVEL---	NULL	NULL	NULL	NULL	NULL	NULL	NULL	NULL	NULL	NULL	NULL	NULL	----Sub catalog Level---	NULL	NULL	NULL	NULL	NULL	NULL	NULL	NULL	NULL	NULL	NULL	NULL	NULL	----Price List Level---	NULL	NULL	NULL	NULL	NULL	NULL	NULL	NULL	NULL	NULL	NULL
172264656259494	172264656259494004R	2024-08-19 03:20:41	2024-08-03 01:00:20	44587	830	25041	319201	2	3	19.97	16.50	55.00	0.00	0.00	19.97	16.50	0	44587	830	167715372656153	---TLC LEVEL---	NULL	NULL	NULL	NULL	NULL	NULL	NULL	NULL	NULL	NULL	NULL	NULL	----Sub catalog Level---	NULL	NULL	NULL	NULL	NULL	NULL	NULL	NULL	NULL	NULL	NULL	NULL	NULL	----Price List Level---	NULL	NULL	NULL	NULL	NULL	NULL	NULL	NULL	NULL	NULL	NULL
172264656259494	172264656259494004R	2024-08-19 03:20:41	2024-08-03 01:00:20	44587	830	25041	319201	2	4	38.50	38.50	55.00	108.16	108.16	38.50	38.50	0	44587	830	167715372656153	---TLC LEVEL---	NULL	NULL	NULL	NULL	NULL	NULL	NULL	NULL	NULL	NULL	NULL	NULL	----Sub catalog Level---	NULL	NULL	NULL	NULL	NULL	NULL	NULL	NULL	NULL	NULL	NULL	NULL	NULL	----Price List Level---	NULL	NULL	NULL	NULL	NULL	NULL	NULL	NULL	NULL	NULL	NULL
172264656259494	172264656259494004R	2024-08-19 03:20:41	2024-08-03 01:00:20	44587	830	25041	319201	2	17	0.00	0.00	55.00	0.00	0.00	0.00	0.00	0	44587	830	167715372656153	---TLC LEVEL---	NULL	NULL	NULL	NULL	NULL	NULL	NULL	NULL	NULL	NULL	NULL	NULL	----Sub catalog Level---	NULL	NULL	NULL	NULL	NULL	NULL	NULL	NULL	NULL	NULL	NULL	NULL	NULL	----Price List Level---	NULL	NULL	NULL	NULL	NULL	NULL	NULL	NULL	NULL	NULL	NULL
vt_group_no	transaction_id	order_confirm_date	created_date	hotel_id	channel_id	ticketId	ticketpriceschedule_id	version	row_type	partner_gross_price	partner_net_price	salePrice	order_currency_partner_gross_price	order_currency_partner_net_price	supplier_gross_price	supplier_net_price	col2	company_id	company_pricelist_id	company_sub_catalog	TYPE	tlc_ticketpriceschedule_id	resale_currency_level	tlc_dist_per	tlc_hgs_per	tlc_mer_per	tlc_res_per	tlc_comm_on_sale	tlc_is_resale_percentage	tlc_museum_net_commission	tlc_merchant_net_commission	tlc_hotel_commission_net_price	tlc_hgs_commission_net_price	type2	catalog_id	sc_ticketpriceschedule_id	sc_resale_currency_level	sc_dist_per	sc_hgs_per	sc_mer_per	sc_res_per	sc_comm_on_sale	sc_is_resale_percentage	sc_museum_net_commission	sc_merchant_net_commission	sc_hotel_commission_net_price	sc_hgs_commission_net_price	type3	clc_ticketpriceschedule_id	pl_dist_per	pl_hgs_per	pl_mer_per	pl_res_per	pl_comm_on_sale	pl_is_resale_percentage	pl_museum_net_commission	pl_merchant_net_commission	pl_hotel_commission_net_price	pl_hgs_commission_net_price
173265141254740	173265141254740001R	2024-11-26 20:08:16	2024-11-26 20:08:16	9029	830	15605	339946	2	1	125.00	125.00	125.00	125.00	125.00	125.00	125.00	0	9029	830	171640797655057	---TLC LEVEL---	NULL	NULL	NULL	NULL	NULL	NULL	NULL	NULL	NULL	NULL	NULL	NULL	----Sub catalog Level---	171640797655057	339946	1	28.00	72.00	0.00	0.00	1	1	0.00	0.00	35.00	90.00	----Price List Level---	339946	25.00	75.00	0.00	0.00	0	0	54.26	0.00	31.25	39.49
173265141254740	173265141254740001R	2024-11-26 20:08:16	2024-11-26 20:08:16	9029	830	15605	339946	2	2	0.00	0.00	125.00	0.00	0.00	0.00	0.00	0	9029	830	171640797655057	---TLC LEVEL---	NULL	NULL	NULL	NULL	NULL	NULL	NULL	NULL	NULL	NULL	NULL	NULL	----Sub catalog Level---	171640797655057	339946	1	28.00	72.00	0.00	0.00	1	1	0.00	0.00	35.00	90.00	----Price List Level---	339946	25.00	75.00	0.00	0.00	0	0	54.26	0.00	31.25	39.49
173265141254740	173265141254740001R	2024-11-26 20:08:16	2024-11-26 20:08:16	9029	830	15605	339946	2	3	35.00	35.00	125.00	0.00	0.00	31.25	31.25	0	9029	830	171640797655057	---TLC LEVEL---	NULL	NULL	NULL	NULL	NULL	NULL	NULL	NULL	NULL	NULL	NULL	NULL	----Sub catalog Level---	171640797655057	339946	1	28.00	72.00	0.00	0.00	1	1	0.00	0.00	35.00	90.00	----Price List Level---	339946	25.00	75.00	0.00	0.00	0	0	54.26	0.00	31.25	39.49
173265141254740	173265141254740001R	2024-11-26 20:08:16	2024-11-26 20:08:16	9029	830	15605	339946	2	4	90.00	90.00	125.00	125.00	125.00	93.75	93.75	0	9029	830	171640797655057	---TLC LEVEL---	NULL	NULL	NULL	NULL	NULL	NULL	NULL	NULL	NULL	NULL	NULL	NULL	----Sub catalog Level---	171640797655057	339946	1	28.00	72.00	0.00	0.00	1	1	0.00	0.00	35.00	90.00	----Price List Level---	339946	25.00	75.00	0.00	0.00	0	0	54.26	0.00	31.25	39.49
173265141254740	173265141254740001R	2024-11-26 20:08:16	2024-11-26 20:08:16	9029	830	15605	339946	2	17	0.00	0.00	125.00	0.00	0.00	0.00	0.00	0	9029	830	171640797655057	---TLC LEVEL---	NULL	NULL	NULL	NULL	NULL	NULL	NULL	NULL	NULL	NULL	NULL	NULL	----Sub catalog Level---	171640797655057	339946	1	28.00	72.00	0.00	0.00	1	1	0.00	0.00	35.00	90.00	----Price List Level---	339946	25.00	75.00	0.00	0.00	0	0	54.26	0.00	31.25	39.49
173265141254740	173265141254740002R	2024-11-26 20:08:16	2024-11-26 20:08:16	9029	830	15605	339947	2	1	115.00	115.00	115.00	115.00	115.00	115.00	115.00	0	9029	830	171640797655057	---TLC LEVEL---	NULL	NULL	NULL	NULL	NULL	NULL	NULL	NULL	NULL	NULL	NULL	NULL	----Sub catalog Level---	171640797655057	339947	1	28.00	72.00	0.00	0.00	1	1	0.00	0.00	32.20	82.80	----Price List Level---	339947	25.00	75.00	0.00	0.00	0	0	60.53	0.00	28.75	25.72
173265141254740	173265141254740002R	2024-11-26 20:08:16	2024-11-26 20:08:16	9029	830	15605	339947	2	2	0.00	0.00	115.00	0.00	0.00	0.00	0.00	0	9029	830	171640797655057	---TLC LEVEL---	NULL	NULL	NULL	NULL	NULL	NULL	NULL	NULL	NULL	NULL	NULL	NULL	----Sub catalog Level---	171640797655057	339947	1	28.00	72.00	0.00	0.00	1	1	0.00	0.00	32.20	82.80	----Price List Level---	339947	25.00	75.00	0.00	0.00	0	0	60.53	0.00	28.75	25.72
173265141254740	173265141254740002R	2024-11-26 20:08:16	2024-11-26 20:08:16	9029	830	15605	339947	2	3	32.20	32.20	115.00	0.00	0.00	28.75	28.75	0	9029	830	171640797655057	---TLC LEVEL---	NULL	NULL	NULL	NULL	NULL	NULL	NULL	NULL	NULL	NULL	NULL	NULL	----Sub catalog Level---	171640797655057	339947	1	28.00	72.00	0.00	0.00	1	1	0.00	0.00	32.20	82.80	----Price List Level---	339947	25.00	75.00	0.00	0.00	0	0	60.53	0.00	28.75	25.72
173265141254740	173265141254740002R	2024-11-26 20:08:16	2024-11-26 20:08:16	9029	830	15605	339947	2	4	82.80	82.80	115.00	115.00	115.00	86.25	86.25	0	9029	830	171640797655057	---TLC LEVEL---	NULL	NULL	NULL	NULL	NULL	NULL	NULL	NULL	NULL	NULL	NULL	NULL	----Sub catalog Level---	171640797655057	339947	1	28.00	72.00	0.00	0.00	1	1	0.00	0.00	32.20	82.80	----Price List Level---	339947	25.00	75.00	0.00	0.00	0	0	60.53	0.00	28.75	25.72
173265141254740	173265141254740002R	2024-11-26 20:08:16	2024-11-26 20:08:16	9029	830	15605	339947	2	17	0.00	0.00	115.00	0.00	0.00	0.00	0.00	0	9029	830	171640797655057	---TLC LEVEL---	NULL	NULL	NULL	NULL	NULL	NULL	NULL	NULL	NULL	NULL	NULL	NULL	----Sub catalog Level---	171640797655057	339947	1	28.00	72.00	0.00	0.00	1	1	0.00	0.00	32.20	82.80	----Price List Level---	339947	25.00	75.00	0.00	0.00	0	0	60.53	0.00	28.75	25.72
173265141254740	173265141254740003R	2024-11-26 20:08:16	2024-11-26 20:08:16	9029	830	15605	339950	2	1	120.00	120.00	120.00	120.00	120.00	120.00	120.00	0	9029	830	171640797655057	---TLC LEVEL---	NULL	NULL	NULL	NULL	NULL	NULL	NULL	NULL	NULL	NULL	NULL	NULL	----Sub catalog Level---	NULL	NULL	NULL	NULL	NULL	NULL	NULL	NULL	NULL	NULL	NULL	NULL	NULL	----Price List Level---	NULL	NULL	NULL	NULL	NULL	NULL	NULL	NULL	NULL	NULL	NULL
173265141254740	173265141254740003R	2024-11-26 20:08:16	2024-11-26 20:08:16	9029	830	15605	339950	2	2	0.00	0.00	120.00	0.00	0.00	0.00	0.00	0	9029	830	171640797655057	---TLC LEVEL---	NULL	NULL	NULL	NULL	NULL	NULL	NULL	NULL	NULL	NULL	NULL	NULL	----Sub catalog Level---	NULL	NULL	NULL	NULL	NULL	NULL	NULL	NULL	NULL	NULL	NULL	NULL	NULL	----Price List Level---	NULL	NULL	NULL	NULL	NULL	NULL	NULL	NULL	NULL	NULL	NULL
173265141254740	173265141254740003R	2024-11-26 20:08:16	2024-11-26 20:08:16	9029	830	15605	339950	2	3	30.00	30.00	120.00	0.00	0.00	30.00	30.00	0	9029	830	171640797655057	---TLC LEVEL---	NULL	NULL	NULL	NULL	NULL	NULL	NULL	NULL	NULL	NULL	NULL	NULL	----Sub catalog Level---	NULL	NULL	NULL	NULL	NULL	NULL	NULL	NULL	NULL	NULL	NULL	NULL	NULL	----Price List Level---	NULL	NULL	NULL	NULL	NULL	NULL	NULL	NULL	NULL	NULL	NULL
173265141254740	173265141254740003R	2024-11-26 20:08:16	2024-11-26 20:08:16	9029	830	15605	339950	2	4	90.00	90.00	120.00	120.00	120.00	90.00	90.00	0	9029	830	171640797655057	---TLC LEVEL---	NULL	NULL	NULL	NULL	NULL	NULL	NULL	NULL	NULL	NULL	NULL	NULL	----Sub catalog Level---	NULL	NULL	NULL	NULL	NULL	NULL	NULL	NULL	NULL	NULL	NULL	NULL	NULL	----Price List Level---	NULL	NULL	NULL	NULL	NULL	NULL	NULL	NULL	NULL	NULL	NULL
173265141254740	173265141254740003R	2024-11-26 20:08:16	2024-11-26 20:08:16	9029	830	15605	339950	2	17	0.00	0.00	120.00	0.00	0.00	0.00	0.00	0	9029	830	171640797655057	---TLC LEVEL---	NULL	NULL	NULL	NULL	NULL	NULL	NULL	NULL	NULL	NULL	NULL	NULL	----Sub catalog Level---	NULL	NULL	NULL	NULL	NULL	NULL	NULL	NULL	NULL	NULL	NULL	NULL	NULL	----Price List Level---	NULL	NULL	NULL	NULL	NULL	NULL	NULL	NULL	NULL	NULL	NULL
173265141254740	173265141254740004R	2024-11-26 20:08:16	2024-11-26 20:08:16	9029	830	15605	339950	2	1	120.00	120.00	120.00	120.00	120.00	120.00	120.00	0	9029	830	171640797655057	---TLC LEVEL---	NULL	NULL	NULL	NULL	NULL	NULL	NULL	NULL	NULL	NULL	NULL	NULL	----Sub catalog Level---	NULL	NULL	NULL	NULL	NULL	NULL	NULL	NULL	NULL	NULL	NULL	NULL	NULL	----Price List Level---	NULL	NULL	NULL	NULL	NULL	NULL	NULL	NULL	NULL	NULL	NULL
173265141254740	173265141254740004R	2024-11-26 20:08:16	2024-11-26 20:08:16	9029	830	15605	339950	2	2	0.00	0.00	120.00	0.00	0.00	0.00	0.00	0	9029	830	171640797655057	---TLC LEVEL---	NULL	NULL	NULL	NULL	NULL	NULL	NULL	NULL	NULL	NULL	NULL	NULL	----Sub catalog Level---	NULL	NULL	NULL	NULL	NULL	NULL	NULL	NULL	NULL	NULL	NULL	NULL	NULL	----Price List Level---	NULL	NULL	NULL	NULL	NULL	NULL	NULL	NULL	NULL	NULL	NULL
173265141254740	173265141254740004R	2024-11-26 20:08:16	2024-11-26 20:08:16	9029	830	15605	339950	2	3	30.00	30.00	120.00	0.00	0.00	30.00	30.00	0	9029	830	171640797655057	---TLC LEVEL---	NULL	NULL	NULL	NULL	NULL	NULL	NULL	NULL	NULL	NULL	NULL	NULL	----Sub catalog Level---	NULL	NULL	NULL	NULL	NULL	NULL	NULL	NULL	NULL	NULL	NULL	NULL	NULL	----Price List Level---	NULL	NULL	NULL	NULL	NULL	NULL	NULL	NULL	NULL	NULL	NULL
173265141254740	173265141254740004R	2024-11-26 20:08:16	2024-11-26 20:08:16	9029	830	15605	339950	2	4	90.00	90.00	120.00	120.00	120.00	90.00	90.00	0	9029	830	171640797655057	---TLC LEVEL---	NULL	NULL	NULL	NULL	NULL	NULL	NULL	NULL	NULL	NULL	NULL	NULL	----Sub catalog Level---	NULL	NULL	NULL	NULL	NULL	NULL	NULL	NULL	NULL	NULL	NULL	NULL	NULL	----Price List Level---	NULL	NULL	NULL	NULL	NULL	NULL	NULL	NULL	NULL	NULL	NULL
173265141254740	173265141254740004R	2024-11-26 20:08:16	2024-11-26 20:08:16	9029	830	15605	339950	2	17	0.00	0.00	120.00	0.00	0.00	0.00	0.00	0	9029	830	171640797655057	---TLC LEVEL---	NULL	NULL	NULL	NULL	NULL	NULL	NULL	NULL	NULL	NULL	NULL	NULL	----Sub catalog Level---	NULL	NULL	NULL	NULL	NULL	NULL	NULL	NULL	NULL	NULL	NULL	NULL	NULL	----Price List Level---	NULL	NULL	NULL	NULL	NULL	NULL	NULL	NULL	NULL	NULL	NULL
vt_group_no	transaction_id	order_confirm_date	created_date	hotel_id	channel_id	ticketId	ticketpriceschedule_id	version	row_type	partner_gross_price	partner_net_price	salePrice	order_currency_partner_gross_price	order_currency_partner_net_price	supplier_gross_price	supplier_net_price	col2	company_id	company_pricelist_id	company_sub_catalog	TYPE	tlc_ticketpriceschedule_id	resale_currency_level	tlc_dist_per	tlc_hgs_per	tlc_mer_per	tlc_res_per	tlc_comm_on_sale	tlc_is_resale_percentage	tlc_museum_net_commission	tlc_merchant_net_commission	tlc_hotel_commission_net_price	tlc_hgs_commission_net_price	type2	catalog_id	sc_ticketpriceschedule_id	sc_resale_currency_level	sc_dist_per	sc_hgs_per	sc_mer_per	sc_res_per	sc_comm_on_sale	sc_is_resale_percentage	sc_museum_net_commission	sc_merchant_net_commission	sc_hotel_commission_net_price	sc_hgs_commission_net_price	type3	clc_ticketpriceschedule_id	pl_dist_per	pl_hgs_per	pl_mer_per	pl_res_per	pl_comm_on_sale	pl_is_resale_percentage	pl_museum_net_commission	pl_merchant_net_commission	pl_hotel_commission_net_price	pl_hgs_commission_net_price
173564385506486	173564385506486001R	2024-12-31 11:18:10	2024-12-31 11:18:10	6281	830	61384	339246	2	1	486.00	486.00	486.00	486.00	486.00	486.00	486.00	0	6281	830	171640808526563	---TLC LEVEL---	NULL	NULL	NULL	NULL	NULL	NULL	NULL	NULL	NULL	NULL	NULL	NULL	----Sub catalog Level---	NULL	NULL	NULL	NULL	NULL	NULL	NULL	NULL	NULL	NULL	NULL	NULL	NULL	----Price List Level---	339246	25.00	75.00	0.00	0.00	1	0	-7.50	0.00	121.50	364.50
173564385506486	173564385506486001R	2024-12-31 11:18:10	2024-12-31 11:18:10	6281	830	61384	339246	2	2	-7.50	-7.50	486.00	0.00	0.00	0.00	0.00	0	6281	830	171640808526563	---TLC LEVEL---	NULL	NULL	NULL	NULL	NULL	NULL	NULL	NULL	NULL	NULL	NULL	NULL	----Sub catalog Level---	NULL	NULL	NULL	NULL	NULL	NULL	NULL	NULL	NULL	NULL	NULL	NULL	NULL	----Price List Level---	339246	25.00	75.00	0.00	0.00	1	0	-7.50	0.00	121.50	364.50
173564385506486	173564385506486001R	2024-12-31 11:18:10	2024-12-31 11:18:10	6281	830	61384	339246	2	3	121.50	121.50	486.00	0.00	0.00	136.08	136.08	0	6281	830	171640808526563	---TLC LEVEL---	NULL	NULL	NULL	NULL	NULL	NULL	NULL	NULL	NULL	NULL	NULL	NULL	----Sub catalog Level---	NULL	NULL	NULL	NULL	NULL	NULL	NULL	NULL	NULL	NULL	NULL	NULL	NULL	----Price List Level---	339246	25.00	75.00	0.00	0.00	1	0	-7.50	0.00	121.50	364.50
173564385506486	173564385506486001R	2024-12-31 11:18:10	2024-12-31 11:18:10	6281	830	61384	339246	2	4	37200.00	372.00	486.00	486.00	486.00	349.92	349.92	0	6281	830	171640808526563	---TLC LEVEL---	NULL	NULL	NULL	NULL	NULL	NULL	NULL	NULL	NULL	NULL	NULL	NULL	----Sub catalog Level---	NULL	NULL	NULL	NULL	NULL	NULL	NULL	NULL	NULL	NULL	NULL	NULL	NULL	----Price List Level---	339246	25.00	75.00	0.00	0.00	1	0	-7.50	0.00	121.50	364.50
173564385506486	173564385506486001R	2024-12-31 11:18:10	2024-12-31 11:18:10	6281	830	61384	339246	2	17	0.00	0.00	486.00	0.00	0.00	0.00	0.00	0	6281	830	171640808526563	---TLC LEVEL---	NULL	NULL	NULL	NULL	NULL	NULL	NULL	NULL	NULL	NULL	NULL	NULL	----Sub catalog Level---	NULL	NULL	NULL	NULL	NULL	NULL	NULL	NULL	NULL	NULL	NULL	NULL	NULL	----Price List Level---	339246	25.00	75.00	0.00	0.00	1	0	-7.50	0.00	121.50	364.50
